decade,years_range,games_sampled,avg_pts,avg_fgm,avg_fga,avg_fg_pct,avg_ftm,avg_fta,avg_ft_pct,avg_reb,avg_ast,avg_fg3m,avg_fg3a,avg_fg3_pct,notes
1940s,1946-1950,est. ~400 games,72.500,26.800,71.500,0.375,18.900,26.300,0.719,56.000,11.500,,,,"NBA inaugural years; high pace, low efficiency"
1950s,1950-1960,"est. ~1,800 games",87.200,33.400,82.700,0.404,20.400,28.600,0.714,70.100,16.800,,,,Fastest pace in NBA history; introduction of 24-second shot clock (1954)
1960s,1960-1970,"est. ~3,500 games",115.300,43.900,99.600,0.441,27.500,37.300,0.737,70.400,23.600,,,,Peak pace era; Celtics dynasty; emphasis on transition
1970s,1970-1980,"est. ~5,000 games",108.500,42.400,90.400,0.469,23.700,31.800,0.745,60.800,23.100,0.500,2.100,0.238,Slowing pace; ABA merger (1976); 3-point line introduced (1979)
1980s,1980-1990,"est. ~10,000 games",109.600,42.500,88.100,0.482,24.600,32.200,0.764,56.800,24.000,1.400,4.500,0.282,Showtime Lakers; Bird-Magic rivalry; early 3PT adoption
1990s,1990-2000,"est. ~12,000 games",101.300,38.400,82.900,0.463,24.500,32.500,0.754,54.200,22.400,4.700,13.200,0.356,Defensive era; physical play; Jordan Bulls dynasty; lowest pace since 1950s
2000s,2000-2010,"est. ~12,000 games",98.900,37.100,81.200,0.457,24.700,32.600,0.758,52.100,21.700,6.100,17.100,0.357,Slowest pace in modern NBA; defensive rule changes (2004); rise of analytics
2010s,2010-2020,"est. ~12,000 games",104.700,38.500,84.500,0.456,20.800,26.900,0.773,52.800,22.500,8.500,24.100,0.353,Three-point revolution; Warriors dynasty; pace increasing; analytics-driven
2020s,2020-2024,"est. ~4,500 games",112.400,40.200,88.500,0.454,19.800,25.400,0.780,53.500,24.800,12.200,35.200,0.347,Peak scoring; space-and-pace; highest 3PA rate ever; fast pace
