metric,stage,value,unit,source_url,confidence,notes
total_games,all_playoffs,82,count,https://www.basketball-reference.com/playoffs/NBA_2024.html,HIGH,Total playoff games across all series (Finals through first round); Basketball-Reference schedule/results
home_wins,all_playoffs,48,count,https://www.basketball-reference.com/playoffs/NBA_2024.html,HIGH,Home team wins (team after @ in BRef game lines); independent recount 2026-09-19
home_losses,all_playoffs,34,count,https://www.basketball-reference.com/playoffs/NBA_2024.html,HIGH,Away team wins; companion to home_wins (82 - 48 = 34)
home_win_pct,all_playoffs,0.5854,ratio,https://www.basketball-reference.com/playoffs/NBA_2024.html,HIGH,Derived: 48/82 = 0.585365 reported as 0.5854 (58.54%); round to ~58.5% in prose
total_series,all_playoffs,15,count,https://www.basketball-reference.com/playoffs/NBA_2024.html,HIGH,Series count: Finals (1) + Conference Finals (2) + Conference Semifinals (4) + First Round (8)
first_round_game1_home_record,first_round,8-0,record,https://www.espn.co.uk/nba/insider/story/_/id/40018981/2024-nba-playoffs-real-not-siakam-brunson-scoring,HIGH,ESPN Insider (Kevin Pelton 2024-04-25): home teams 8-0 in first-round Game 1s; fifth such sweep in 16-team era
regular_season_home_wins,regular_2023_24,668,count,https://www.foxsports.com/articles/nba/inside-the-nba-numbers-lots-of-comebacks-no-homecourt-edge-3s-went-up-scoring-went-down,MEDIUM,Fox Sports / AP (2024-04-14): NBA teams 668-562 at home in 2023-24 season; not NBA Communications release
regular_season_home_losses,regular_2023_24,562,count,https://www.foxsports.com/articles/nba/inside-the-nba-numbers-lots-of-comebacks-no-homecourt-edge-3s-went-up-scoring-went-down,MEDIUM,Fox Sports / AP: companion to home_wins (668+562=1230 games)
regular_season_home_win_pct,regular_2023_24,0.5431,ratio,https://www.foxsports.com/articles/nba/inside-the-nba-numbers-lots-of-comebacks-no-homecourt-edge-3s-went-up-scoring-went-down,MEDIUM,Fox Sports / AP: called worst home-court mark in league history (barely under 2020-21 .5435)
