abbr,team,name,position,last_updated,status,source,source_url,access_date,confidence
ATL,Atlanta Hawks,Samuel Radack,Senior Data Scientist,7-9-2026,Current,NBAstuffer NBA Analytics Departments team staff list,https://www.nbastuffer.com/analytics101/nba-teams-that-have-analytics-department/,2026-09-20,MEDIUM
ATL,Atlanta Hawks,Dwight Lutz,"Vice President, Basketball Strategy and Analytics",4-9-2026,Current,NBAstuffer NBA Analytics Departments team staff list,https://www.nbastuffer.com/analytics101/nba-teams-that-have-analytics-department/,2026-09-20,MEDIUM
ATL,Atlanta Hawks,Sergi Oliva,Coaching Strategy & Development Advisor,9-11-2026,Current,NBAstuffer NBA Analytics Departments team staff list,https://www.nbastuffer.com/analytics101/nba-teams-that-have-analytics-department/,2026-09-20,MEDIUM
ATL,Atlanta Hawks,Nick Restifo,Director Of Basketball Research,4-9-2026,Current,NBAstuffer NBA Analytics Departments team staff list,https://www.nbastuffer.com/analytics101/nba-teams-that-have-analytics-department/,2026-09-20,MEDIUM
BOS,Boston Celtics,Adrià Arbués Sangüesa,Data Scientist,8-4-2026,Current,NBAstuffer NBA Analytics Departments team staff list,https://www.nbastuffer.com/analytics101/nba-teams-that-have-analytics-department/,2026-09-20,MEDIUM
BOS,Boston Celtics,Chris Bubernak,Software Engineer,8-4-2026,Current,NBAstuffer NBA Analytics Departments team staff list,https://www.nbastuffer.com/analytics101/nba-teams-that-have-analytics-department/,2026-09-20,MEDIUM
BOS,Boston Celtics,Maria Guramare,Data Scientist,8-4-2026,Current,NBAstuffer NBA Analytics Departments team staff list,https://www.nbastuffer.com/analytics101/nba-teams-that-have-analytics-department/,2026-09-20,MEDIUM
BOS,Boston Celtics,Mike Zarren,Assistant General Manager & Team Counsel,8-20-2024,Current,NBAstuffer NBA Analytics Departments team staff list,https://www.nbastuffer.com/analytics101/nba-teams-that-have-analytics-department/,2026-09-20,MEDIUM
BOS,Boston Celtics,Dave Lewin,Assistant GM,8-20-2024,Current,NBAstuffer NBA Analytics Departments team staff list,https://www.nbastuffer.com/analytics101/nba-teams-that-have-analytics-department/,2026-09-20,MEDIUM
BOS,Boston Celtics,David Sparks,Director of Basketball Analytics,8-20-2024,Current,NBAstuffer NBA Analytics Departments team staff list,https://www.nbastuffer.com/analytics101/nba-teams-that-have-analytics-department/,2026-09-20,MEDIUM
BOS,Boston Celtics,Drew Cannon,Basketball Operations Analyst,8-20-2024,Current,NBAstuffer NBA Analytics Departments team staff list,https://www.nbastuffer.com/analytics101/nba-teams-that-have-analytics-department/,2026-09-20,MEDIUM
BOS,Boston Celtics,Luigi Sorbara,Basketball Statistician,8-20-2024,Current,NBAstuffer NBA Analytics Departments team staff list,https://www.nbastuffer.com/analytics101/nba-teams-that-have-analytics-department/,2026-09-20,MEDIUM
BKN,Brooklyn Nets,Glenn DuPaul,"Vice President, Basketball Analytics",7-7-2026,Current,NBAstuffer NBA Analytics Departments team staff list,https://www.nbastuffer.com/analytics101/nba-teams-that-have-analytics-department/,2026-09-20,MEDIUM
BKN,Brooklyn Nets,Logan MacPhail,Director of Coaching Analytics,8-20-2024,Current,NBAstuffer NBA Analytics Departments team staff list,https://www.nbastuffer.com/analytics101/nba-teams-that-have-analytics-department/,2026-09-20,MEDIUM
BKN,Brooklyn Nets,Rami Antoun,Basketball Analyst,8-20-2024,Current,NBAstuffer NBA Analytics Departments team staff list,https://www.nbastuffer.com/analytics101/nba-teams-that-have-analytics-department/,2026-09-20,MEDIUM
BKN,Brooklyn Nets,Kevin Roark,Director of Basketball Systems & Innovation,8-20-2024,Current,NBAstuffer NBA Analytics Departments team staff list,https://www.nbastuffer.com/analytics101/nba-teams-that-have-analytics-department/,2026-09-20,MEDIUM
BKN,Brooklyn Nets,Matt Bolaños,Full-Stack Basketball Systems Developer,9-17-2026,Current,NBAstuffer NBA Analytics Departments team staff list,https://www.nbastuffer.com/analytics101/nba-teams-that-have-analytics-department/,2026-09-20,MEDIUM
BKN,Brooklyn Nets,Rohan Jaitley,Coaching Analytics Coordinator,8-20-2024,Current,NBAstuffer NBA Analytics Departments team staff list,https://www.nbastuffer.com/analytics101/nba-teams-that-have-analytics-department/,2026-09-20,MEDIUM
CHA,Charlotte Hornets,Gaurav Mohan,Data Scientist,7-9-2026,Current,NBAstuffer NBA Analytics Departments team staff list,https://www.nbastuffer.com/analytics101/nba-teams-that-have-analytics-department/,2026-09-20,MEDIUM
CHA,Charlotte Hornets,Koi Stephanos,Analytics Engineer,8-8-2026,Current,NBAstuffer NBA Analytics Departments team staff list,https://www.nbastuffer.com/analytics101/nba-teams-that-have-analytics-department/,2026-09-20,MEDIUM
CHA,Charlotte Hornets,Michaela Roberts,Director of Basketball Systems,7-7-2026,Current,NBAstuffer NBA Analytics Departments team staff list,https://www.nbastuffer.com/analytics101/nba-teams-that-have-analytics-department/,2026-09-20,MEDIUM
CHA,Charlotte Hornets,Shubham Sabnani,Coaching Analyst,4-9-2026,Current,NBAstuffer NBA Analytics Departments team staff list,https://www.nbastuffer.com/analytics101/nba-teams-that-have-analytics-department/,2026-09-20,MEDIUM
CHA,Charlotte Hornets,Patrick Harrel,"VP, Basketball Insights & Analysis",4-9-2026,Current,NBAstuffer NBA Analytics Departments team staff list,https://www.nbastuffer.com/analytics101/nba-teams-that-have-analytics-department/,2026-09-20,MEDIUM
CHA,Charlotte Hornets,Dor Morag,Senior Data Scientist,7-9-2026,Current,NBAstuffer NBA Analytics Departments team staff list,https://www.nbastuffer.com/analytics101/nba-teams-that-have-analytics-department/,2026-09-20,MEDIUM
CHA,Charlotte Hornets,Miles Abbett,Pro Scout,4-9-2026,Current,NBAstuffer NBA Analytics Departments team staff list,https://www.nbastuffer.com/analytics101/nba-teams-that-have-analytics-department/,2026-09-20,MEDIUM
CHI,Chicago Bulls,Faizan Hasnany,"Executive Director, Basketball Strategy & Analytics",9-30-2025,Current,NBAstuffer NBA Analytics Departments team staff list,https://www.nbastuffer.com/analytics101/nba-teams-that-have-analytics-department/,2026-09-20,MEDIUM
CHI,Chicago Bulls,Burak Can Koc,Director of Basketball Research & Development,9-30-2025,Current,NBAstuffer NBA Analytics Departments team staff list,https://www.nbastuffer.com/analytics101/nba-teams-that-have-analytics-department/,2026-09-20,MEDIUM
CHI,Chicago Bulls,Tirdod Behbehani,"Senior Manager, Data Science",9-30-2025,Current,NBAstuffer NBA Analytics Departments team staff list,https://www.nbastuffer.com/analytics101/nba-teams-that-have-analytics-department/,2026-09-20,MEDIUM
CHI,Chicago Bulls,Jackson Hett,"Coordinator, Basketball Analytics",9-30-2025,Current,NBAstuffer NBA Analytics Departments team staff list,https://www.nbastuffer.com/analytics101/nba-teams-that-have-analytics-department/,2026-09-20,MEDIUM
CLE,Cleveland Cavaliers,Austin Peterson,Director of Coaching Analytics,8-8-2026,Current,NBAstuffer NBA Analytics Departments team staff list,https://www.nbastuffer.com/analytics101/nba-teams-that-have-analytics-department/,2026-09-20,MEDIUM
CLE,Cleveland Cavaliers,Corey Jones,Player Development Analyst,8-8-2026,Current,NBAstuffer NBA Analytics Departments team staff list,https://www.nbastuffer.com/analytics101/nba-teams-that-have-analytics-department/,2026-09-20,MEDIUM
CLE,Cleveland Cavaliers,Rishi Chandran,Basketball Operations Analyst,7-9-2026,Current,NBAstuffer NBA Analytics Departments team staff list,https://www.nbastuffer.com/analytics101/nba-teams-that-have-analytics-department/,2026-09-20,MEDIUM
CLE,Cleveland Cavaliers,Jon Nichols,"Vice President, Basketball Strategy and Personnel",12-11-2025,Current,NBAstuffer NBA Analytics Departments team staff list,https://www.nbastuffer.com/analytics101/nba-teams-that-have-analytics-department/,2026-09-20,MEDIUM
CLE,Cleveland Cavaliers,Brad Havens,Director of Basketball Systems,12-11-2025,Current,NBAstuffer NBA Analytics Departments team staff list,https://www.nbastuffer.com/analytics101/nba-teams-that-have-analytics-department/,2026-09-20,MEDIUM
CLE,Cleveland Cavaliers,Max Weisberg,Senior Director of Basketball Strategy,7-8-2026,Current,NBAstuffer NBA Analytics Departments team staff list,https://www.nbastuffer.com/analytics101/nba-teams-that-have-analytics-department/,2026-09-20,MEDIUM
DAL,Dallas Mavericks,Andrew Baker,Vice President Basketball Strategy and Analytics,7-7-2026,Current,NBAstuffer NBA Analytics Departments team staff list,https://www.nbastuffer.com/analytics101/nba-teams-that-have-analytics-department/,2026-09-20,MEDIUM
DAL,Dallas Mavericks,Kostas Pelechrinis,Consultant,12-11-2025,Current,NBAstuffer NBA Analytics Departments team staff list,https://www.nbastuffer.com/analytics101/nba-teams-that-have-analytics-department/,2026-09-20,MEDIUM
DAL,Dallas Mavericks,Marc Oelkers,Basketball Systems Manager,7-8-2026,Current,NBAstuffer NBA Analytics Departments team staff list,https://www.nbastuffer.com/analytics101/nba-teams-that-have-analytics-department/,2026-09-20,MEDIUM
DAL,Dallas Mavericks,Jeremy Patak,Data Engineer,12-11-2025,Current,NBAstuffer NBA Analytics Departments team staff list,https://www.nbastuffer.com/analytics101/nba-teams-that-have-analytics-department/,2026-09-20,MEDIUM
DAL,Dallas Mavericks,Ryan Drost,Basketball Research Analyst,12-11-2025,Current,NBAstuffer NBA Analytics Departments team staff list,https://www.nbastuffer.com/analytics101/nba-teams-that-have-analytics-department/,2026-09-20,MEDIUM
DEN,Denver Nuggets,Nihal Kolur,Director of Strategy,10-21-2025,Current,NBAstuffer NBA Analytics Departments team staff list,https://www.nbastuffer.com/analytics101/nba-teams-that-have-analytics-department/,2026-09-20,MEDIUM
DEN,Denver Nuggets,Layne Vashro,Senior Analyst,10-21-2025,Current,NBAstuffer NBA Analytics Departments team staff list,https://www.nbastuffer.com/analytics101/nba-teams-that-have-analytics-department/,2026-09-20,MEDIUM
DEN,Denver Nuggets,Owen Phillips,Senior Basketball Analyst,10-21-2025,Current,NBAstuffer NBA Analytics Departments team staff list,https://www.nbastuffer.com/analytics101/nba-teams-that-have-analytics-department/,2026-09-20,MEDIUM
DEN,Denver Nuggets,Nicholas Kalinowski,Basketball Analytics Associate,10-21-2025,Current,NBAstuffer NBA Analytics Departments team staff list,https://www.nbastuffer.com/analytics101/nba-teams-that-have-analytics-department/,2026-09-20,MEDIUM
DET,Detroit Pistons,Marshall Smith,Vice President of Basketball Operations,4-9-2026,Current,NBAstuffer NBA Analytics Departments team staff list,https://www.nbastuffer.com/analytics101/nba-teams-that-have-analytics-department/,2026-09-20,MEDIUM
DET,Detroit Pistons,Chris Mast,Sports Scientist,8-7-2026,Current,NBAstuffer NBA Analytics Departments team staff list,https://www.nbastuffer.com/analytics101/nba-teams-that-have-analytics-department/,2026-09-20,MEDIUM
DET,Detroit Pistons,Jorge Costa,"Senior Director, Data Strategy & Reporting",8-7-2026,Current,NBAstuffer NBA Analytics Departments team staff list,https://www.nbastuffer.com/analytics101/nba-teams-that-have-analytics-department/,2026-09-20,MEDIUM
GSW,Golden State Warriors,Pabail Sidhu,"Vice President, Basketball Analytics and Innovation",4-9-2026,Current,NBAstuffer NBA Analytics Departments team staff list,https://www.nbastuffer.com/analytics101/nba-teams-that-have-analytics-department/,2026-09-20,MEDIUM
GSW,Golden State Warriors,Kevin Steele,Analytics and Machine Learning Data Engineering Lead,4-9-2026,Current,NBAstuffer NBA Analytics Departments team staff list,https://www.nbastuffer.com/analytics101/nba-teams-that-have-analytics-department/,2026-09-20,MEDIUM
GSW,Golden State Warriors,Marshall Payne,"Director, Basketball Insights",7-8-2026,Current,NBAstuffer NBA Analytics Departments team staff list,https://www.nbastuffer.com/analytics101/nba-teams-that-have-analytics-department/,2026-09-20,MEDIUM
GSW,Golden State Warriors,Hannah Heiring,Data Analyst,4-9-2026,Current,NBAstuffer NBA Analytics Departments team staff list,https://www.nbastuffer.com/analytics101/nba-teams-that-have-analytics-department/,2026-09-20,MEDIUM
GSW,Golden State Warriors,James Hu,Data Scientist,4-9-2026,Current,NBAstuffer NBA Analytics Departments team staff list,https://www.nbastuffer.com/analytics101/nba-teams-that-have-analytics-department/,2026-09-20,MEDIUM
GSW,Golden State Warriors,Michael Scheinert,"Director, Basketball Strategy",4-9-2026,Current,NBAstuffer NBA Analytics Departments team staff list,https://www.nbastuffer.com/analytics101/nba-teams-that-have-analytics-department/,2026-09-20,MEDIUM
HOU,Houston Rockets,Eli Witus,Assistant General Manager,3-25-2025,Current,NBAstuffer NBA Analytics Departments team staff list,https://www.nbastuffer.com/analytics101/nba-teams-that-have-analytics-department/,2026-09-20,MEDIUM
HOU,Houston Rockets,Jason Roman,Senior Director of Basketball Analytics,3-25-2025,Current,NBAstuffer NBA Analytics Departments team staff list,https://www.nbastuffer.com/analytics101/nba-teams-that-have-analytics-department/,2026-09-20,MEDIUM
HOU,Houston Rockets,Neil Johnson,Director of Quantitative Research and Development,3-25-2025,Current,NBAstuffer NBA Analytics Departments team staff list,https://www.nbastuffer.com/analytics101/nba-teams-that-have-analytics-department/,2026-09-20,MEDIUM
HOU,Houston Rockets,Edward Kupfer,Basketball Analyst,3-25-2025,Current,NBAstuffer NBA Analytics Departments team staff list,https://www.nbastuffer.com/analytics101/nba-teams-that-have-analytics-department/,2026-09-20,MEDIUM
HOU,Houston Rockets,Jake Flancer,Basketball Operations Senior Analyst,4-9-2026,Current,NBAstuffer NBA Analytics Departments team staff list,https://www.nbastuffer.com/analytics101/nba-teams-that-have-analytics-department/,2026-09-20,MEDIUM
IND,Indiana Pacers,Spencer Anderson,Vice President of Basketball Analytics and Strategy,11-5-2024,Current,NBAstuffer NBA Analytics Departments team staff list,https://www.nbastuffer.com/analytics101/nba-teams-that-have-analytics-department/,2026-09-20,MEDIUM
IND,Indiana Pacers,Colin Barrett,Performance Data Analyst,8-20-2024,Current,NBAstuffer NBA Analytics Departments team staff list,https://www.nbastuffer.com/analytics101/nba-teams-that-have-analytics-department/,2026-09-20,MEDIUM
IND,Indiana Pacers,Hersh Gupta,Basketball Data Science Manager,7-7-2026,Current,NBAstuffer NBA Analytics Departments team staff list,https://www.nbastuffer.com/analytics101/nba-teams-that-have-analytics-department/,2026-09-20,MEDIUM
LAC,Los Angeles Clippers,Jud Winton,"Vice President, Assistant General Manager",8-24-2024,Current,NBAstuffer NBA Analytics Departments team staff list,https://www.nbastuffer.com/analytics101/nba-teams-that-have-analytics-department/,2026-09-20,MEDIUM
LAC,Los Angeles Clippers,Gregory Peim,Vice President of Basketball Research & Analytics,7-7-2026,Current,NBAstuffer NBA Analytics Departments team staff list,https://www.nbastuffer.com/analytics101/nba-teams-that-have-analytics-department/,2026-09-20,MEDIUM
LAC,Los Angeles Clippers,Matthew Elijah,VP of Basketball Strategy,8-24-2024,Current,NBAstuffer NBA Analytics Departments team staff list,https://www.nbastuffer.com/analytics101/nba-teams-that-have-analytics-department/,2026-09-20,MEDIUM
LAC,Los Angeles Clippers,Ben Starks,"Manager, Basketball Analysis",7-7-2026,Current,NBAstuffer NBA Analytics Departments team staff list,https://www.nbastuffer.com/analytics101/nba-teams-that-have-analytics-department/,2026-09-20,MEDIUM
LAC,Los Angeles Clippers,Monte McNair,Advisor,6-18-2025,Current,NBAstuffer NBA Analytics Departments team staff list,https://www.nbastuffer.com/analytics101/nba-teams-that-have-analytics-department/,2026-09-20,MEDIUM
LAL,Los Angeles Lakers,Dom Samangy,Basketball Analyst,7-11-2026,Current,NBAstuffer NBA Analytics Departments team staff list,https://www.nbastuffer.com/analytics101/nba-teams-that-have-analytics-department/,2026-09-20,MEDIUM
LAL,Los Angeles Lakers,Rohan Ramadas,Assistant General Manager,5-26-2026,Current,NBAstuffer NBA Analytics Departments team staff list,https://www.nbastuffer.com/analytics101/nba-teams-that-have-analytics-department/,2026-09-20,MEDIUM
LAL,Los Angeles Lakers,Philip Chang,"Vice President, Analytics Strategy",8-7-2026,Current,NBAstuffer NBA Analytics Departments team staff list,https://www.nbastuffer.com/analytics101/nba-teams-that-have-analytics-department/,2026-09-20,MEDIUM
LAL,Los Angeles Lakers,Nathan Hollenberg,"Senior Data Scientist, Basketball Data Strategy",5-26-2026,Current,NBAstuffer NBA Analytics Departments team staff list,https://www.nbastuffer.com/analytics101/nba-teams-that-have-analytics-department/,2026-09-20,MEDIUM
LAL,Los Angeles Lakers,Cooper Chia,Senior Basketball Developer & Analyst,5-26-2026,Current,NBAstuffer NBA Analytics Departments team staff list,https://www.nbastuffer.com/analytics101/nba-teams-that-have-analytics-department/,2026-09-20,MEDIUM
LAL,Los Angeles Lakers,Max Wiviott,Basketball Analyst,5-26-2026,Current,NBAstuffer NBA Analytics Departments team staff list,https://www.nbastuffer.com/analytics101/nba-teams-that-have-analytics-department/,2026-09-20,MEDIUM
LAL,Los Angeles Lakers,Derek Grubis,"Data Scientist, Basketball Data Strategy",5-26-2026,Current,NBAstuffer NBA Analytics Departments team staff list,https://www.nbastuffer.com/analytics101/nba-teams-that-have-analytics-department/,2026-09-20,MEDIUM
LAL,Los Angeles Lakers,Samuel Darvish,Database Analyst,5-26-2026,Current,NBAstuffer NBA Analytics Departments team staff list,https://www.nbastuffer.com/analytics101/nba-teams-that-have-analytics-department/,2026-09-20,MEDIUM
MEM,Memphis Grizzlies,Mark Cheung,Coaching Analyst,8-8-2026,Current,NBAstuffer NBA Analytics Departments team staff list,https://www.nbastuffer.com/analytics101/nba-teams-that-have-analytics-department/,2026-09-20,MEDIUM
MEM,Memphis Grizzlies,Rich Cho,VP of Basketball Strategy,8-25-2024,Current,NBAstuffer NBA Analytics Departments team staff list,https://www.nbastuffer.com/analytics101/nba-teams-that-have-analytics-department/,2026-09-20,MEDIUM
MEM,Memphis Grizzlies,Daniel Marcus,Personnel Evaluator,8-25-2024,Current,NBAstuffer NBA Analytics Departments team staff list,https://www.nbastuffer.com/analytics101/nba-teams-that-have-analytics-department/,2026-09-20,MEDIUM
MEM,Memphis Grizzlies,Scott Bullock,Software Architect,8-25-2024,Current,NBAstuffer NBA Analytics Departments team staff list,https://www.nbastuffer.com/analytics101/nba-teams-that-have-analytics-department/,2026-09-20,MEDIUM
MIA,Miami Heat,Brian Hecker,Senior Director of Basketball Analytics and Innovation,6-25-2025,Current,NBAstuffer NBA Analytics Departments team staff list,https://www.nbastuffer.com/analytics101/nba-teams-that-have-analytics-department/,2026-09-20,MEDIUM
MIA,Miami Heat,Warren Spencer,Manager of Basketball Analytics,8-27-2024,Current,NBAstuffer NBA Analytics Departments team staff list,https://www.nbastuffer.com/analytics101/nba-teams-that-have-analytics-department/,2026-09-20,MEDIUM
MIA,Miami Heat,Max Clark,"Director, Data Science",7-8-2026,Current,NBAstuffer NBA Analytics Departments team staff list,https://www.nbastuffer.com/analytics101/nba-teams-that-have-analytics-department/,2026-09-20,MEDIUM
MIA,Miami Heat,Liam Doyle,Senior Manager of Basketball Analytics and Scouting,8-27-2024,Current,NBAstuffer NBA Analytics Departments team staff list,https://www.nbastuffer.com/analytics101/nba-teams-that-have-analytics-department/,2026-09-20,MEDIUM
MIA,Miami Heat,Bob Chaikin,Basketball Statistical Analyst and Scout,6-25-2025,Current,NBAstuffer NBA Analytics Departments team staff list,https://www.nbastuffer.com/analytics101/nba-teams-that-have-analytics-department/,2026-09-20,MEDIUM
MIL,Milwaukee Bucks,Pat Haneman,Vice President of Basketball Strategy & Analytics,8-25-2024,Current,NBAstuffer NBA Analytics Departments team staff list,https://www.nbastuffer.com/analytics101/nba-teams-that-have-analytics-department/,2026-09-20,MEDIUM
MIL,Milwaukee Bucks,Samer Jassar,Director of Basketball Strategy & Analytics,8-25-2024,Current,NBAstuffer NBA Analytics Departments team staff list,https://www.nbastuffer.com/analytics101/nba-teams-that-have-analytics-department/,2026-09-20,MEDIUM
MIL,Milwaukee Bucks,TJ Barra,Vice President Basketball Research and Innovation,7-7-2026,Current,NBAstuffer NBA Analytics Departments team staff list,https://www.nbastuffer.com/analytics101/nba-teams-that-have-analytics-department/,2026-09-20,MEDIUM
MIL,Milwaukee Bucks,Sanjay Pothula,Research & Innovation Senior Data Scientist,8-24-2024,Current,NBAstuffer NBA Analytics Departments team staff list,https://www.nbastuffer.com/analytics101/nba-teams-that-have-analytics-department/,2026-09-20,MEDIUM
MIL,Milwaukee Bucks,Jack Weyer,Basketball Quantitative Strategist,7-7-2026,Current,NBAstuffer NBA Analytics Departments team staff list,https://www.nbastuffer.com/analytics101/nba-teams-that-have-analytics-department/,2026-09-20,MEDIUM
MIL,Milwaukee Bucks,CB Garrett,Director of Basketball Research and Innovation,7-7-2026,Current,NBAstuffer NBA Analytics Departments team staff list,https://www.nbastuffer.com/analytics101/nba-teams-that-have-analytics-department/,2026-09-20,MEDIUM
MIN,Minnesota Timberwolves,Seth Martin,Basketball Strategy & Analytics Coordinator,7-8-2026,Current,NBAstuffer NBA Analytics Departments team staff list,https://www.nbastuffer.com/analytics101/nba-teams-that-have-analytics-department/,2026-09-20,MEDIUM
MIN,Minnesota Timberwolves,Josh Gershon,Director of Basketball Intelligence,7-8-2026,Current,NBAstuffer NBA Analytics Departments team staff list,https://www.nbastuffer.com/analytics101/nba-teams-that-have-analytics-department/,2026-09-20,MEDIUM
NOP,New Orleans Pelicans,AJ Meyer,Director of Analytics,8-7-2026,Current,NBAstuffer NBA Analytics Departments team staff list,https://www.nbastuffer.com/analytics101/nba-teams-that-have-analytics-department/,2026-09-20,MEDIUM
NYK,New York Knicks,Andrew Haruki Hill,Basketball Data Scientist,7-9-2026,Current,NBAstuffer NBA Analytics Departments team staff list,https://www.nbastuffer.com/analytics101/nba-teams-that-have-analytics-department/,2026-09-20,MEDIUM
NYK,New York Knicks,Chris Feller,"Director, Basketball Strategy",7-9-2026,Current,NBAstuffer NBA Analytics Departments team staff list,https://www.nbastuffer.com/analytics101/nba-teams-that-have-analytics-department/,2026-09-20,MEDIUM
NYK,New York Knicks,Gersson Rosas,"Senior Vice President, Basketball Operations",7-6-2026,Current,NBAstuffer NBA Analytics Departments team staff list,https://www.nbastuffer.com/analytics101/nba-teams-that-have-analytics-department/,2026-09-20,MEDIUM
NYK,New York Knicks,Dapo Adegbile,Director of Coaching Analytics,7-6-2026,Current,NBAstuffer NBA Analytics Departments team staff list,https://www.nbastuffer.com/analytics101/nba-teams-that-have-analytics-department/,2026-09-20,MEDIUM
NYK,New York Knicks,Richard Dry,Director of Sports Technology,7-6-2026,Current,NBAstuffer NBA Analytics Departments team staff list,https://www.nbastuffer.com/analytics101/nba-teams-that-have-analytics-department/,2026-09-20,MEDIUM
NYK,New York Knicks,Sean MacLean,Basketball Product & Strategy Lead,7-6-2026,Current,NBAstuffer NBA Analytics Departments team staff list,https://www.nbastuffer.com/analytics101/nba-teams-that-have-analytics-department/,2026-09-20,MEDIUM
NYK,New York Knicks,Nick Fleder,"Senior Manager, Insights and Amateur Scouting",7-6-2026,Current,NBAstuffer NBA Analytics Departments team staff list,https://www.nbastuffer.com/analytics101/nba-teams-that-have-analytics-department/,2026-09-20,MEDIUM
NYK,New York Knicks,Benjamin M. Gilman,"Director, Basketball Products",7-6-2026,Current,NBAstuffer NBA Analytics Departments team staff list,https://www.nbastuffer.com/analytics101/nba-teams-that-have-analytics-department/,2026-09-20,MEDIUM
NYK,New York Knicks,Daniel Kurtzer,"Director, Performance Science",3-25-2025,Current,NBAstuffer NBA Analytics Departments team staff list,https://www.nbastuffer.com/analytics101/nba-teams-that-have-analytics-department/,2026-09-20,MEDIUM
OKC,Oklahoma City Thunder,Jesse Gould,Vice President of Basketball Operations,10-26-2025,Current,NBAstuffer NBA Analytics Departments team staff list,https://www.nbastuffer.com/analytics101/nba-teams-that-have-analytics-department/,2026-09-20,MEDIUM
OKC,Oklahoma City Thunder,Wynn Sullivan,Vice President of Basketball Operations,10-26-2025,Current,NBAstuffer NBA Analytics Departments team staff list,https://www.nbastuffer.com/analytics101/nba-teams-that-have-analytics-department/,2026-09-20,MEDIUM
OKC,Oklahoma City Thunder,Ezra Van Negri,"Director, Strategic Planning",10-26-2025,Current,NBAstuffer NBA Analytics Departments team staff list,https://www.nbastuffer.com/analytics101/nba-teams-that-have-analytics-department/,2026-09-20,MEDIUM
OKC,Oklahoma City Thunder,James Kopanidis,Strategy,10-26-2025,Current,NBAstuffer NBA Analytics Departments team staff list,https://www.nbastuffer.com/analytics101/nba-teams-that-have-analytics-department/,2026-09-20,MEDIUM
OKC,Oklahoma City Thunder,Bailey Joseph,Director of Data Science,10-26-2025,Current,NBAstuffer NBA Analytics Departments team staff list,https://www.nbastuffer.com/analytics101/nba-teams-that-have-analytics-department/,2026-09-20,MEDIUM
OKC,Oklahoma City Thunder,Alexis Hvostal,Data Scientist,10-26-2025,Current,NBAstuffer NBA Analytics Departments team staff list,https://www.nbastuffer.com/analytics101/nba-teams-that-have-analytics-department/,2026-09-20,MEDIUM
OKC,Oklahoma City Thunder,Rylee Buchert,Strategic Planning Analyst,10-26-2025,Current,NBAstuffer NBA Analytics Departments team staff list,https://www.nbastuffer.com/analytics101/nba-teams-that-have-analytics-department/,2026-09-20,MEDIUM
OKC,Oklahoma City Thunder,Greg Flood,Director of Player Development,10-26-2025,Current,NBAstuffer NBA Analytics Departments team staff list,https://www.nbastuffer.com/analytics101/nba-teams-that-have-analytics-department/,2026-09-20,MEDIUM
OKC,Oklahoma City Thunder,Thomas Van de Houten,Director of Data Solutions,10-26-2025,Current,NBAstuffer NBA Analytics Departments team staff list,https://www.nbastuffer.com/analytics101/nba-teams-that-have-analytics-department/,2026-09-20,MEDIUM
OKC,Oklahoma City Thunder,Shreyas Raikhelkar,Data Solutions Software Engineer,10-26-2025,Current,NBAstuffer NBA Analytics Departments team staff list,https://www.nbastuffer.com/analytics101/nba-teams-that-have-analytics-department/,2026-09-20,MEDIUM
OKC,Oklahoma City Thunder,James Kasakyan,Data Solutions Software Engineer,10-26-2025,Current,NBAstuffer NBA Analytics Departments team staff list,https://www.nbastuffer.com/analytics101/nba-teams-that-have-analytics-department/,2026-09-20,MEDIUM
OKC,Oklahoma City Thunder,Allen Shufer,Data Solutions Software Engineer,10-26-2025,Current,NBAstuffer NBA Analytics Departments team staff list,https://www.nbastuffer.com/analytics101/nba-teams-that-have-analytics-department/,2026-09-20,MEDIUM
OKC,Oklahoma City Thunder,Zoe Vernon,Assistant Coach,10-26-2025,Current,NBAstuffer NBA Analytics Departments team staff list,https://www.nbastuffer.com/analytics101/nba-teams-that-have-analytics-department/,2026-09-20,MEDIUM
ORL,Orlando Magic,David Bencs,Assistant General Manager,8-28-2024,Current,NBAstuffer NBA Analytics Departments team staff list,https://www.nbastuffer.com/analytics101/nba-teams-that-have-analytics-department/,2026-09-20,MEDIUM
ORL,Orlando Magic,Matthew Devita,Director of Basketball Systems,7-7-2026,Current,NBAstuffer NBA Analytics Departments team staff list,https://www.nbastuffer.com/analytics101/nba-teams-that-have-analytics-department/,2026-09-20,MEDIUM
ORL,Orlando Magic,Soumya Kambhampati,Director of Basketball Research,8-28-2024,Current,NBAstuffer NBA Analytics Departments team staff list,https://www.nbastuffer.com/analytics101/nba-teams-that-have-analytics-department/,2026-09-20,MEDIUM
ORL,Orlando Magic,Ben Kimsey,Basketball Data Analyst,8-28-2024,Current,NBAstuffer NBA Analytics Departments team staff list,https://www.nbastuffer.com/analytics101/nba-teams-that-have-analytics-department/,2026-09-20,MEDIUM
PHI,Philadelphia 76ers,Fan-Hal Koung,Assistant General Manager,8-28-2024,Current,NBAstuffer NBA Analytics Departments team staff list,https://www.nbastuffer.com/analytics101/nba-teams-that-have-analytics-department/,2026-09-20,MEDIUM
PHI,Philadelphia 76ers,John Boyles,"Director, Research & Development",8-28-2024,Current,NBAstuffer NBA Analytics Departments team staff list,https://www.nbastuffer.com/analytics101/nba-teams-that-have-analytics-department/,2026-09-20,MEDIUM
PHI,Philadelphia 76ers,Tommy Balcetis,"Head of Basketball Intelligence, Analytics & Innovation",8-18-2026,Current,NBAstuffer NBA Analytics Departments team staff list,https://www.nbastuffer.com/analytics101/nba-teams-that-have-analytics-department/,2026-09-20,MEDIUM
PHX,Phoenix Suns,Jesse Held,"Director, Basketball Information & Research",4-9-2026,Current,NBAstuffer NBA Analytics Departments team staff list,https://www.nbastuffer.com/analytics101/nba-teams-that-have-analytics-department/,2026-09-20,MEDIUM
PHX,Phoenix Suns,Jackson Hittner,Analytics Manager,4-9-2026,Current,NBAstuffer NBA Analytics Departments team staff list,https://www.nbastuffer.com/analytics101/nba-teams-that-have-analytics-department/,2026-09-20,MEDIUM
PHX,Phoenix Suns,Hiroki Witt,"Manager, Basketball Data Infrastructure",4-9-2026,Current,NBAstuffer NBA Analytics Departments team staff list,https://www.nbastuffer.com/analytics101/nba-teams-that-have-analytics-department/,2026-09-20,MEDIUM
PHX,Phoenix Suns,Zachary Amundson,"Manager, Personnel Evaluation",4-9-2026,Current,NBAstuffer NBA Analytics Departments team staff list,https://www.nbastuffer.com/analytics101/nba-teams-that-have-analytics-department/,2026-09-20,MEDIUM
POR,Portland Trail Blazers,James Brocato,Director of Basketball Innovation,8-4-2026,Current,NBAstuffer NBA Analytics Departments team staff list,https://www.nbastuffer.com/analytics101/nba-teams-that-have-analytics-department/,2026-09-20,MEDIUM
POR,Portland Trail Blazers,Zach Williams,Director of Data Science,3-3-2023,Current,NBAstuffer NBA Analytics Departments team staff list,https://www.nbastuffer.com/analytics101/nba-teams-that-have-analytics-department/,2026-09-20,MEDIUM
SAC,Sacramento Kings,Colin Montague,Senior Director of Basketball Analytics,4-17-2025,Current,NBAstuffer NBA Analytics Departments team staff list,https://www.nbastuffer.com/analytics101/nba-teams-that-have-analytics-department/,2026-09-20,MEDIUM
SAC,Sacramento Kings,Katherine Evans,Director of Basketball Data Science,7-7-2026,Current,NBAstuffer NBA Analytics Departments team staff list,https://www.nbastuffer.com/analytics101/nba-teams-that-have-analytics-department/,2026-09-20,MEDIUM
SAC,Sacramento Kings,Tom Perry,VP Data Science & Planning,8-8-2026,Current,NBAstuffer NBA Analytics Departments team staff list,https://www.nbastuffer.com/analytics101/nba-teams-that-have-analytics-department/,2026-09-20,MEDIUM
SAS,San Antonio Spurs,Hao Meng,Assistant GM,5-26-2026,Current,NBAstuffer NBA Analytics Departments team staff list,https://www.nbastuffer.com/analytics101/nba-teams-that-have-analytics-department/,2026-09-20,MEDIUM
SAS,San Antonio Spurs,Nick Repole,AVP of Basketball Research & Insight,5-26-2026,Current,NBAstuffer NBA Analytics Departments team staff list,https://www.nbastuffer.com/analytics101/nba-teams-that-have-analytics-department/,2026-09-20,MEDIUM
SAS,San Antonio Spurs,Joshua Fink,AVP of Basketball Data Science,5-26-2026,Current,NBAstuffer NBA Analytics Departments team staff list,https://www.nbastuffer.com/analytics101/nba-teams-that-have-analytics-department/,2026-09-20,MEDIUM
SAS,San Antonio Spurs,David Kaplan,Director of Basketball Analytics,5-26-2026,Current,NBAstuffer NBA Analytics Departments team staff list,https://www.nbastuffer.com/analytics101/nba-teams-that-have-analytics-department/,2026-09-20,MEDIUM
SAS,San Antonio Spurs,Madison Clower,Player Development Analyst,5-26-2026,Current,NBAstuffer NBA Analytics Departments team staff list,https://www.nbastuffer.com/analytics101/nba-teams-that-have-analytics-department/,2026-09-20,MEDIUM
SAS,San Antonio Spurs,Andrew Weatherman,Coaching Analyst,7-6-2026,Current,NBAstuffer NBA Analytics Departments team staff list,https://www.nbastuffer.com/analytics101/nba-teams-that-have-analytics-department/,2026-09-20,MEDIUM
TOR,Toronto Raptors,Matt Redfield,Senior Director of Strategy and Analytics,7-6-2026,Current,NBAstuffer NBA Analytics Departments team staff list,https://www.nbastuffer.com/analytics101/nba-teams-that-have-analytics-department/,2026-09-20,MEDIUM
TOR,Toronto Raptors,Keith Boyarsky,"Vice President, Basketball Strategy & Research",10-18-2019,Current,NBAstuffer NBA Analytics Departments team staff list,https://www.nbastuffer.com/analytics101/nba-teams-that-have-analytics-department/,2026-09-20,MEDIUM
TOR,Toronto Raptors,Eric Khoury,"Assistant Coach / Director, Analytics",12-1-2019,Current,NBAstuffer NBA Analytics Departments team staff list,https://www.nbastuffer.com/analytics101/nba-teams-that-have-analytics-department/,2026-09-20,MEDIUM
UTA,Utah Jazz,George Rodman,Vice President of Analytics & Game Strategy,8-22-2024,Current,NBAstuffer NBA Analytics Departments team staff list,https://www.nbastuffer.com/analytics101/nba-teams-that-have-analytics-department/,2026-09-20,MEDIUM
UTA,Utah Jazz,Steven Schwartz,Vice President of Basketball Strategy,8-20-2024,Current,NBAstuffer NBA Analytics Departments team staff list,https://www.nbastuffer.com/analytics101/nba-teams-that-have-analytics-department/,2026-09-20,MEDIUM
UTA,Utah Jazz,Anthony So,"Director, Basketball Systems",8-20-2024,Current,NBAstuffer NBA Analytics Departments team staff list,https://www.nbastuffer.com/analytics101/nba-teams-that-have-analytics-department/,2026-09-20,MEDIUM
UTA,Utah Jazz,Shane Fenske,Assistant General Manager,8-20-2024,Current,NBAstuffer NBA Analytics Departments team staff list,https://www.nbastuffer.com/analytics101/nba-teams-that-have-analytics-department/,2026-09-20,MEDIUM
WAS,Washington Wizards,Benjamin Eidelberg,"Director, Basketball Operations and Strategy",7-7-2026,Current,NBAstuffer NBA Analytics Departments team staff list,https://www.nbastuffer.com/analytics101/nba-teams-that-have-analytics-department/,2026-09-20,MEDIUM
WAS,Washington Wizards,Samuel Kaplan,"Director, Salary Cap & Strategy",7-7-2026,Current,NBAstuffer NBA Analytics Departments team staff list,https://www.nbastuffer.com/analytics101/nba-teams-that-have-analytics-department/,2026-09-20,MEDIUM
WAS,Washington Wizards,Michael Hartman,"Vice President, Basketball Operations / Strategy & Development",8-27-2024,Current,NBAstuffer NBA Analytics Departments team staff list,https://www.nbastuffer.com/analytics101/nba-teams-that-have-analytics-department/,2026-09-20,MEDIUM
WAS,Washington Wizards,Zain Jafri,"Director of Data Science, Basketball Strategy and Analytics",9-12-2024,Current,NBAstuffer NBA Analytics Departments team staff list,https://www.nbastuffer.com/analytics101/nba-teams-that-have-analytics-department/,2026-09-20,MEDIUM
WAS,Washington Wizards,Jacob Goldstein,"Manager, Basketball Research",7-7-2026,Current,NBAstuffer NBA Analytics Departments team staff list,https://www.nbastuffer.com/analytics101/nba-teams-that-have-analytics-department/,2026-09-20,MEDIUM
