season,fga,fg_pct,fg3a,fg3_pct,fta,ft_pct,orb,drb,trb,ast,stl,blk,tov,pf,pts,pace,source_url,access_date,notes
1946-47,92.9,.279,,,24.8,.641,,,,6.9,,,,20.8,67.8,,https://www.basketball-reference.com/leagues/NBA_stats_per_game.html,2026-09-20,pre-3PT era; 3PA blank; pace GAP
1947-48,96.0,.284,,,27.0,.675,,,,7.0,,,,22.2,72.7,,https://www.basketball-reference.com/leagues/NBA_stats_per_game.html,2026-09-20,pre-3PT era; 3PA blank; pace GAP
1948-49,88.7,.327,,,31.3,.703,,,,18.6,,,,25.6,80.0,,https://www.basketball-reference.com/leagues/NBA_stats_per_game.html,2026-09-20,pre-3PT era; 3PA blank; pace GAP
1949-50,83.1,.340,,,33.1,.712,,,,19.6,,,,27.0,80.0,,https://www.basketball-reference.com/leagues/NBA_stats_per_game.html,2026-09-20,pre-3PT era; 3PA blank; pace GAP
1950-51,83.6,.357,,,33.4,.733,,,49.5,21.0,,,,27.0,84.1,,https://www.basketball-reference.com/leagues/NBA_stats_per_game.html,2026-09-20,pre-3PT era; 3PA blank; pace GAP
1951-52,80.8,.367,,,33.2,.735,,,54.5,21.9,,,,26.9,83.7,,https://www.basketball-reference.com/leagues/NBA_stats_per_game.html,2026-09-20,pre-3PT era; 3PA blank; pace GAP
1952-53,76.9,.370,,,35.8,.716,,,51.4,20.9,,,,28.7,82.5,,https://www.basketball-reference.com/leagues/NBA_stats_per_game.html,2026-09-20,pre-3PT era; 3PA blank; pace GAP
1953-54,75.4,.372,,,33.0,.709,,,50.9,20.3,,,,25.4,79.5,,https://www.basketball-reference.com/leagues/NBA_stats_per_game.html,2026-09-20,pre-3PT era; 3PA blank; pace GAP
1954-55,86.6,.385,,,35.9,.738,,,56.1,23.6,,,,24.8,93.1,,https://www.basketball-reference.com/leagues/NBA_stats_per_game.html,2026-09-20,pre-3PT era; 3PA blank; pace GAP
1955-56,91.4,.387,,,38.0,.745,,,60.1,24.3,,,,26.4,99.0,,https://www.basketball-reference.com/leagues/NBA_stats_per_game.html,2026-09-20,pre-3PT era; 3PA blank; pace GAP
1956-57,94.6,.380,,,36.9,.751,,,62.4,18.9,,,,25.1,99.6,,https://www.basketball-reference.com/leagues/NBA_stats_per_game.html,2026-09-20,pre-3PT era; 3PA blank; pace GAP
1957-58,101.9,.383,,,38.3,.746,,,71.7,19.6,,,,25.5,106.6,,https://www.basketball-reference.com/leagues/NBA_stats_per_game.html,2026-09-20,pre-3PT era; 3PA blank; pace GAP
1958-59,102.3,.395,,,36.3,.756,,,70.0,19.6,,,,26.0,108.4,,https://www.basketball-reference.com/leagues/NBA_stats_per_game.html,2026-09-20,pre-3PT era; 3PA blank; pace GAP
1959-60,108.7,.410,,,35.8,.735,,,73.5,22.6,,,,25.6,115.3,,https://www.basketball-reference.com/leagues/NBA_stats_per_game.html,2026-09-20,pre-3PT era; 3PA blank; pace GAP
1960-61,109.4,.415,,,37.5,.731,,,73.3,24.2,,,,26.8,118.1,,https://www.basketball-reference.com/leagues/NBA_stats_per_game.html,2026-09-20,pre-3PT era; 3PA blank; pace GAP
1961-62,107.7,.426,,,37.1,.727,,,71.4,23.9,,,,25.9,118.8,,https://www.basketball-reference.com/leagues/NBA_stats_per_game.html,2026-09-20,pre-3PT era; 3PA blank; pace GAP
1962-63,101.2,.441,,,35.9,.727,,,66.7,22.7,,,,26.0,115.3,,https://www.basketball-reference.com/leagues/NBA_stats_per_game.html,2026-09-20,pre-3PT era; 3PA blank; pace GAP
1963-64,99.1,.433,,,35.0,.722,,,65.9,21.4,,,,26.8,111.0,,https://www.basketball-reference.com/leagues/NBA_stats_per_game.html,2026-09-20,pre-3PT era; 3PA blank; pace GAP
1964-65,99.8,.426,,,35.6,.721,,,67.3,21.0,,,,25.9,110.6,,https://www.basketball-reference.com/leagues/NBA_stats_per_game.html,2026-09-20,pre-3PT era; 3PA blank; pace GAP
1965-66,102.4,.433,,,37.0,.727,,,68.2,22.9,,,,26.2,115.5,,https://www.basketball-reference.com/leagues/NBA_stats_per_game.html,2026-09-20,pre-3PT era; 3PA blank; pace GAP
1966-67,103.1,.441,,,36.2,.732,,,67.3,22.4,,,,26.2,117.4,,https://www.basketball-reference.com/leagues/NBA_stats_per_game.html,2026-09-20,pre-3PT era; 3PA blank; pace GAP
1967-68,100.8,.446,,,37.1,.720,,,66.2,22.8,,,,26.3,116.6,,https://www.basketball-reference.com/leagues/NBA_stats_per_game.html,2026-09-20,pre-3PT era; 3PA blank; pace GAP
1968-69,99.0,.441,,,35.0,.714,,,56.9,23.1,,,1.3,25.5,112.3,,https://www.basketball-reference.com/leagues/NBA_stats_per_game.html,2026-09-20,pre-3PT era; 3PA blank; pace GAP
1969-70,99.4,.460,,,33.7,.751,,,52.9,24.7,,,1.5,25.1,116.7,,https://www.basketball-reference.com/leagues/NBA_stats_per_game.html,2026-09-20,pre-3PT era; 3PA blank; pace GAP
1970-71,98.0,.449,,,32.7,.745,,,53.1,24.3,0.7,0.3,19.5,24.4,112.4,,https://www.basketball-reference.com/leagues/NBA_stats_per_game.html,2026-09-20,pre-3PT era; 3PA blank; pace GAP
1971-72,95.5,.455,,,31.2,.748,,,51.1,24.1,1.2,0.6,19.6,23.6,110.2,,https://www.basketball-reference.com/leagues/NBA_stats_per_game.html,2026-09-20,pre-3PT era; 3PA blank; pace GAP
1972-73,96.9,.456,,,25.3,.758,,,50.6,25.2,1.2,0.5,20.2,22.8,107.6,,https://www.basketball-reference.com/leagues/NBA_stats_per_game.html,2026-09-20,pre-3PT era; 3PA blank; pace GAP
1973-74,93.9,.459,,,25.4,.771,14.7,33.5,48.2,24.6,8.7,4.7,20.8,23.8,105.7,107.8,https://www.basketball-reference.com/leagues/NBA_stats_per_game.html,2026-09-20,pre-3PT era; 3PA blank
1974-75,91.1,.457,,,25.2,.765,14.2,32.9,47.1,23.8,8.8,4.3,19.8,24.3,102.6,104.5,https://www.basketball-reference.com/leagues/NBA_stats_per_game.html,2026-09-20,pre-3PT era; 3PA blank
1975-76,91.7,.458,,,26.9,.751,14.4,33.0,47.4,23.0,8.9,4.4,19.8,24.8,104.3,105.5,https://www.basketball-reference.com/leagues/NBA_stats_per_game.html,2026-09-20,pre-3PT era; 3PA blank
1976-77,92.0,.465,,,27.7,.751,15.0,32.1,47.1,23.9,9.4,5.1,20.6,25.2,106.5,106.5,https://www.basketball-reference.com/leagues/NBA_stats_per_game.html,2026-09-20,pre-3PT era; 3PA blank
1977-78,92.9,.469,,,28.4,.752,15.0,32.1,47.1,25.0,9.6,5.1,20.1,25.2,108.5,106.7,https://www.basketball-reference.com/leagues/NBA_stats_per_game.html,2026-09-20,pre-3PT era; 3PA blank
1978-79,91.7,.485,,,28.3,.752,14.8,30.4,45.2,25.8,9.1,5.4,19.8,25.3,110.3,105.8,https://www.basketball-reference.com/leagues/NBA_stats_per_game.html,2026-09-20,pre-3PT era; 3PA blank
1979-80,90.6,.481,2.8,.280,27.8,.764,15.1,29.9,44.9,25.8,9.4,5.3,18.9,24.4,109.3,103.1,https://www.basketball-reference.com/leagues/NBA_stats_per_game.html,2026-09-20,
1980-81,88.4,.486,2.0,.245,28.9,.751,14.5,28.9,43.5,25.5,9.0,5.3,18.7,25.1,108.1,101.8,https://www.basketball-reference.com/leagues/NBA_stats_per_game.html,2026-09-20,
1981-82,88.2,.491,2.3,.262,28.6,.746,14.3,29.1,43.5,25.2,8.5,5.4,17.7,26.2,108.6,100.9,https://www.basketball-reference.com/leagues/NBA_stats_per_game.html,2026-09-20,
1982-83,89.7,.485,2.3,.238,28.3,.740,14.8,29.6,44.5,25.9,8.9,5.6,19.1,25.6,108.5,103.1,https://www.basketball-reference.com/leagues/NBA_stats_per_game.html,2026-09-20,
1983-84,88.4,.492,2.4,.250,29.7,.760,14.2,28.8,43.0,26.2,8.5,5.3,17.9,25.8,110.1,101.4,https://www.basketball-reference.com/leagues/NBA_stats_per_game.html,2026-09-20,
1984-85,89.1,.491,3.1,.282,29.4,.764,14.3,29.2,43.5,26.3,8.5,5.3,17.9,24.9,110.8,102.1,https://www.basketball-reference.com/leagues/NBA_stats_per_game.html,2026-09-20,
1985-86,88.6,.487,3.3,.282,30.3,.756,14.1,29.4,43.6,26.0,8.8,5.3,17.8,25.2,110.2,102.1,https://www.basketball-reference.com/leagues/NBA_stats_per_game.html,2026-09-20,
1986-87,88.8,.480,4.7,.301,30.5,.763,14.7,29.3,44.0,26.0,8.6,5.5,17.0,24.5,109.9,100.8,https://www.basketball-reference.com/leagues/NBA_stats_per_game.html,2026-09-20,
1987-88,87.7,.480,5.0,.316,29.1,.766,14.2,29.2,43.4,25.8,8.5,5.4,16.7,24.1,108.2,99.6,https://www.basketball-reference.com/leagues/NBA_stats_per_game.html,2026-09-20,
1988-89,89.0,.477,6.6,.323,28.8,.768,14.5,29.4,43.9,25.6,9.1,5.3,17.2,23.7,109.2,100.6,https://www.basketball-reference.com/leagues/NBA_stats_per_game.html,2026-09-20,
1989-90,87.2,.476,6.6,.331,28.5,.764,13.8,29.3,43.1,24.9,8.5,5.1,16.1,23.3,107.0,98.3,https://www.basketball-reference.com/leagues/NBA_stats_per_game.html,2026-09-20,
1990-91,87.2,.474,7.1,.320,27.9,.765,14.0,29.3,43.3,24.7,8.6,5.3,16.0,23.2,106.3,97.8,https://www.basketball-reference.com/leagues/NBA_stats_per_game.html,2026-09-20,
1991-92,87.3,.472,7.6,.331,26.7,.759,14.4,29.3,43.7,24.5,8.6,5.5,15.6,22.2,105.3,96.6,https://www.basketball-reference.com/leagues/NBA_stats_per_game.html,2026-09-20,
1992-93,86.0,.473,9.0,.336,27.7,.754,13.8,29.3,43.1,24.7,8.6,5.2,15.9,23.2,105.3,96.8,https://www.basketball-reference.com/leagues/NBA_stats_per_game.html,2026-09-20,
1993-94,84.4,.466,9.9,.333,26.6,.734,13.9,29.1,43.0,24.4,8.9,5.2,16.0,22.2,101.5,95.1,https://www.basketball-reference.com/leagues/NBA_stats_per_game.html,2026-09-20,
1994-95,81.5,.466,15.3,.359,27.1,.737,13.0,28.5,41.6,23.4,8.3,5.2,15.9,23.5,101.4,92.9,https://www.basketball-reference.com/leagues/NBA_stats_per_game.html,2026-09-20,
1995-96,80.2,.462,16.0,.367,26.4,.740,12.6,28.6,41.3,22.7,8.0,5.1,15.8,23.0,99.5,91.8,https://www.basketball-reference.com/leagues/NBA_stats_per_game.html,2026-09-20,
1996-97,79.3,.455,16.8,.360,25.3,.738,12.7,28.4,41.1,22.0,8.2,4.9,15.7,22.1,96.9,90.1,https://www.basketball-reference.com/leagues/NBA_stats_per_game.html,2026-09-20,
1997-98,79.7,.450,12.7,.346,26.3,.737,13.1,28.5,41.5,22.0,8.4,5.1,15.5,22.4,95.6,90.3,https://www.basketball-reference.com/leagues/NBA_stats_per_game.html,2026-09-20,
1998-99,78.2,.437,13.2,.339,25.8,.728,12.6,29.1,41.7,20.7,8.4,5.0,15.3,22.2,91.6,88.9,https://www.basketball-reference.com/leagues/NBA_stats_per_game.html,2026-09-20,
1999-00,82.1,.449,13.7,.353,25.3,.750,12.4,30.5,42.9,22.3,7.9,5.2,15.5,23.3,97.5,93.1,https://www.basketball-reference.com/leagues/NBA_stats_per_game.html,2026-09-20,
2000-01,80.6,.443,13.7,.354,24.9,.748,12.0,30.5,42.5,21.8,7.8,5.3,15.0,22.3,94.8,91.3,https://www.basketball-reference.com/leagues/NBA_stats_per_game.html,2026-09-20,
2001-02,81.3,.445,14.7,.354,23.8,.752,12.2,30.2,42.4,21.9,7.8,5.2,14.5,21.2,95.5,90.7,https://www.basketball-reference.com/leagues/NBA_stats_per_game.html,2026-09-20,
2002-03,80.8,.442,14.7,.349,24.4,.758,12.0,30.3,42.3,21.5,7.9,5.0,14.9,21.8,95.1,91.0,https://www.basketball-reference.com/leagues/NBA_stats_per_game.html,2026-09-20,
2003-04,79.8,.439,14.9,.347,24.2,.752,12.1,30.1,42.2,21.3,7.9,5.1,15.0,21.4,93.4,90.1,https://www.basketball-reference.com/leagues/NBA_stats_per_game.html,2026-09-20,
2004-05,80.3,.447,15.8,.356,26.1,.756,12.0,29.8,41.9,21.3,7.5,4.9,14.5,22.6,97.2,90.9,https://www.basketball-reference.com/leagues/NBA_stats_per_game.html,2026-09-20,
2005-06,79.0,.454,16.0,.358,26.3,.745,11.2,29.8,41.0,20.6,7.2,4.7,14.4,22.8,97.0,90.5,https://www.basketball-reference.com/leagues/NBA_stats_per_game.html,2026-09-20,
2006-07,79.7,.458,16.9,.358,26.1,.752,11.1,29.9,41.1,21.3,7.2,4.6,15.1,22.2,98.7,91.9,https://www.basketball-reference.com/leagues/NBA_stats_per_game.html,2026-09-20,
2007-08,81.5,.457,18.1,.362,24.9,.755,11.2,30.8,42.0,21.8,7.3,4.7,14.1,21.0,99.9,92.4,https://www.basketball-reference.com/leagues/NBA_stats_per_game.html,2026-09-20,
2008-09,80.9,.459,18.1,.367,24.7,.771,11.0,30.3,41.3,21.0,7.3,4.8,14.0,21.0,100.0,91.7,https://www.basketball-reference.com/leagues/NBA_stats_per_game.html,2026-09-20,
2009-10,81.7,.461,18.1,.355,24.5,.759,11.0,30.8,41.7,21.2,7.2,4.9,14.2,20.9,100.4,92.7,https://www.basketball-reference.com/leagues/NBA_stats_per_game.html,2026-09-20,
2010-11,81.2,.459,18.0,.358,24.4,.763,10.9,30.5,41.4,21.5,7.3,4.9,14.3,20.7,99.6,92.1,https://www.basketball-reference.com/leagues/NBA_stats_per_game.html,2026-09-20,
2011-12,81.4,.448,18.4,.349,22.5,.752,11.4,30.8,42.2,21.0,7.7,5.1,14.6,19.6,96.3,91.3,https://www.basketball-reference.com/leagues/NBA_stats_per_game.html,2026-09-20,
2012-13,82.0,.453,20.0,.359,22.2,.753,11.2,31.0,42.1,22.1,7.8,5.1,14.6,19.8,98.1,92.0,https://www.basketball-reference.com/leagues/NBA_stats_per_game.html,2026-09-20,
2013-14,83.0,.454,21.5,.360,23.6,.756,10.9,31.8,42.7,22.0,7.7,4.7,14.6,20.7,101.0,93.9,https://www.basketball-reference.com/leagues/NBA_stats_per_game.html,2026-09-20,
2014-15,83.6,.449,22.4,.350,22.8,.750,10.9,32.4,43.3,22.0,7.7,4.8,14.4,20.2,100.0,93.9,https://www.basketball-reference.com/leagues/NBA_stats_per_game.html,2026-09-20,
2015-16,84.6,.452,24.1,.354,23.4,.757,10.4,33.3,43.8,22.3,7.8,5.0,14.4,20.3,102.7,95.8,https://www.basketball-reference.com/leagues/NBA_stats_per_game.html,2026-09-20,
2016-17,85.4,.457,27.0,.358,23.1,.772,10.1,33.4,43.5,22.6,7.7,4.7,14.0,19.9,105.6,96.4,https://www.basketball-reference.com/leagues/NBA_stats_per_game.html,2026-09-20,
2017-18,86.1,.460,29.0,.362,21.7,.767,9.7,33.8,43.5,23.2,7.7,4.8,14.3,19.9,106.3,97.3,https://www.basketball-reference.com/leagues/NBA_stats_per_game.html,2026-09-20,
2018-19,89.2,.461,32.0,.355,23.1,.766,10.3,34.8,45.2,24.6,7.6,5.0,14.1,20.9,111.2,100.0,https://www.basketball-reference.com/leagues/NBA_stats_per_game.html,2026-09-20,
2019-20,88.8,.460,34.1,.358,23.1,.773,10.1,34.8,44.8,24.4,7.6,4.9,14.5,20.8,111.8,100.3,https://www.basketball-reference.com/leagues/NBA_stats_per_game.html,2026-09-20,
2020-21,88.4,.466,34.6,.367,21.8,.778,9.8,34.5,44.3,24.8,7.6,4.9,13.8,19.3,112.1,99.2,https://www.basketball-reference.com/leagues/NBA_stats_per_game.html,2026-09-20,
2021-22,88.1,.461,35.2,.354,21.9,.775,10.3,34.1,44.5,24.6,7.6,4.7,13.8,19.6,110.6,98.2,https://www.basketball-reference.com/leagues/NBA_stats_per_game.html,2026-09-20,
2022-23,88.3,.475,34.2,.361,23.5,.782,10.4,33.0,43.4,25.3,7.3,4.7,14.1,20.0,114.7,99.2,https://www.basketball-reference.com/leagues/NBA_stats_per_game.html,2026-09-20,
2023-24,88.9,.474,35.1,.366,21.7,.784,10.6,33.0,43.5,26.7,7.5,5.1,13.6,18.7,114.2,98.5,https://www.basketball-reference.com/leagues/NBA_stats_per_game.html,2026-09-20,
2024-25,89.2,.467,37.6,.360,21.7,.780,11.1,33.0,44.1,26.5,8.2,4.9,14.3,18.6,113.8,98.8,https://www.basketball-reference.com/leagues/NBA_stats_per_game.html,2026-09-20,
2025-26,89.1,.471,37.0,.360,23.5,.783,11.4,32.4,43.8,26.7,8.4,4.8,14.5,19.9,115.6,99.4,https://www.basketball-reference.com/leagues/NBA_stats_per_game.html,2026-09-20,
