title,author,publisher,year,amazon_url,amazon_rating,amazon_reviews_count,goodreads_url,goodreads_rating,goodreads_ratings_count,price_band,price_as_of,lane,why_comparable,isbn13,format_notes,source_urls,confidence
The Book of Basketball: The NBA According to The Sports Guy,Bill Simmons (foreword Malcolm Gladwell),ESPN Books / Ballantine,2009,https://www.amazon.co.uk/s?k=The+Book+of+Basketball+Bill+Simmons,GAP,,https://www.goodreads.com/book/show/4452257-the-book-of-basketball,4.20,38724,varies — Waterstones pb/hc snippets ~£15–21 (retailer; not Amazon),2026-09-19,narrative,Seed: the fan-intellectual NBA history/argument bible Glen’s desk is measured against — maximal Simmons voice vs Taylor’s cognitive-analytics and Greene’s interdisciplinary watch-guide.,9780345511768,hardcover (2009); paperback updated reprint ISBN 9780345520104; Kindle,https://www.goodreads.com/book/show/4452257-the-book-of-basketball; https://en.wikipedia.org/wiki/The_Book_of_Basketball; https://www.waterstones.com/book/the-book-of-basketball/bill-simmons/9780345520104,HIGH
Thinking Basketball,Ben Taylor,CreateSpace Independent Publishing Platform,2016,https://www.amazon.com/Thinking-Basketball-Ben-Taylor/dp/1532968175,4.7,294,https://www.goodreads.com/book/show/31434537-thinking-basketball,4.16,645,varies — Amazon.com paperback listed (price not re-scraped live UK); ASIN 1532968175,2026-09-19,analytics,"Seed: cognitive-bias + possession-value primer that sits opposite Simmons’ anecdote-heavy Hall of Fame arguing — shorter, myth-busting, YouTube-adjacent analytics literacy.",9781532968174,paperback 180pp; Kindle also sold,https://www.goodreads.com/book/show/31434537-thinking-basketball; https://www.amazon.com/Thinking-Basketball-Ben-Taylor/dp/1532968175; https://thinkingbasketball.net/thinking-basketball/; https://books.google.com/books/about/Thinking_Basketball.html?id=GgWgDAEACAAJ,HIGH
"How to Watch Basketball Like a Genius: What Game Designers, Economists, Ballet Choreographers, and Theoretical Astrophysicists Reveal About the Greatest Game on Earth",Nick Greene,Abrams Press,2021,https://www.amazon.co.uk/s?k=How+to+Watch+Basketball+Like+a+Genius+Nick+Greene,GAP,,https://www.goodreads.com/book/show/54776112-how-to-watch-basketball-like-a-genius,3.76,1454,£8–15 pb (LoveReading UK £12.99 / £11.69; Abrams US list $18 pb),2026-09-19,how_to_watch,"Seed: verified Nick Greene (not a different author) — interdisciplinary ‘how to see the game’ adjacent to Simmons entertainment and Taylor analysis, lighter on box-score math.",9781419744815,hardcover Mar 2021; paperback Apr 2022 ISBN 9781419744815,https://www.goodreads.com/book/show/54776112-how-to-watch-basketball-like-a-genius; https://www.abramsbooks.com/product/how-to-watch-basketball-like-a-genius_9781419744815/; https://www.lovereading.co.uk/book/9781419744815/isbn/How-to-Watch-Basketball-Like-a-Genius-by-Nick-Greene.html; https://www.waterstones.com/book/how-to-watch-basketball-like-a-genius/nick-greene/9781419744815,HIGH
Basketball on Paper: Rules and Tools for Performance Analysis,Dean Oliver,Potomac Books (Nebraska Press),2004,https://www.amazon.co.uk/s?k=Basketball+on+Paper+Dean+Oliver,GAP,,https://www.goodreads.com/en/book/show/420949.Basketball_on_Paper,4.06,480,varies — publisher pb/ebook; no live Amazon price scraped,2026-09-19,analytics,"Foundational four-factors / per-possession bible — denser and more coach-facing than Thinking Basketball, the technical ancestor of modern ‘smart fan’ analytics books.",9781574886887,paperback 392pp; ebook ISBN 9781640123892 (2020),https://www.goodreads.com/en/book/show/420949.Basketball_on_Paper; https://www.nebraskapress.unl.edu/potomac-books/9781574886887/basketball-on-paper/,HIGH
Sprawlball: A Visual Tour of the New Era of the NBA,Kirk Goldsberry,Mariner Books / Houghton Mifflin Harcourt,2019,https://www.amazon.co.uk/Sprawlball-Visual-Tour-New-Era/dp/1328767515/,GAP,,https://www.goodreads.com/book/show/40796173-sprawlball,4.11,1735,varies — amazon.co.uk product URL known; live star/price GAP (blocked/unverified),2026-09-19,analytics,"Shot-chart visual analytics of the three-point era — sits with Thinking Basketball on ‘why the game looks like this,’ marketed explicitly for Simmons/FreeDarko readers.",9781328767516,illustrated hardcover 256pp; Kindle,https://www.goodreads.com/book/show/40796173-sprawlball; https://www.amazon.co.uk/Sprawlball-Visual-Tour-New-Era/dp/1328767515/; https://books.google.com/books/about/Sprawlball.html?id=mw2WDwAAQBAJ,HIGH
The Midrange Theory: Basketball's Evolution In the Age of Analytics,Seth Partnow,Triumph Books,2021,https://www.amazon.co.uk/s?k=The+Midrange+Theory+Seth+Partnow,GAP,,https://www.goodreads.com/book/show/57136758-the-midrange-theory,4.09,758,varies — Triumph trade paper list $18.95 US (publisher page),2026-09-19,analytics,"Team-side analytics literacy (draft/cap/RAPM context) — deeper front-office than Greene’s watch book, more applied than Oliver’s 2004 toolkit.",9781637270967,hardcover Nov 2021; trade paperback Oct 2022,https://www.goodreads.com/book/show/57136758-the-midrange-theory; https://www.triumphbooks.com/the-midrange-theory-products-9781637270967.php; https://www.amazon.com/Midrange-Theory-Seth-Partnow/dp/1629379212,HIGH
Seven Seconds or Less: My Season on the Bench with the Runnin' and Gunnin' Phoenix Suns,Jack McCallum,Simon & Schuster,2006,https://www.amazon.co.uk/s?k=Seven+Seconds+or+Less+McCallum,GAP,,https://www.goodreads.com/book/show/36675.Seven_Seconds_or_Less,4.04,4524,varies — used/new market; no live list price captured today,2026-09-19,narrative,"Embedded season chronicle of pace-and-space ancestors — narrative access like Simmons storytelling, documenting the offense that later analytics books explain.",9780743298117,hardcover; later paperbacks,https://www.goodreads.com/book/show/36675.Seven_Seconds_or_Less; https://www.abebooks.com/9780743298117/Seven-Seconds-Season-Bench-Runnin-074329811X/plp,HIGH
Eleven Rings: The Soul of Success,Phil Jackson; Hugh Delehanty,Penguin Press,2013,https://www.amazon.co.uk/s?k=Eleven+Rings+Phil+Jackson,GAP,,https://www.goodreads.com/book/show/16158522-eleven-rings,4.19,18987,varies — widely reprinted pb/Kindle; Amazon stars GAP today,2026-09-19,memoir,Last Dance–adjacent coach memoir (Bulls/Lakers) — leadership/triangle culture vs Simmons’ ranking essays or Taylor’s bias chapters; popular coaching popularization.,9781594205118,hardcover; paperback; audiobook,https://www.goodreads.com/book/show/16158522-eleven-rings; https://www.amazon.com/Eleven-Rings-The-Soul-Success/dp/1594205116,HIGH
Scorecasting: The Hidden Influences Behind How Sports Are Played and Games Are Won,Tobias J. Moskowitz; L. Jon Wertheim,Crown Archetype / Three Rivers Press,2011,https://www.amazon.co.uk/s?k=Scorecasting+Moskowitz,GAP,,https://www.goodreads.com/book/show/9379180-scorecasting,3.82,5852,varies — Penguin Random House pb ISBN 9780307591807; Amazon price GAP,2026-09-19,analytics,"Multi-sport Moneyball-adjacent behavioral econ (home refs, clutch myths) — shares Thinking Basketball’s bias-debunking lane, less basketball-only than Oliver/Goldsberry.",9780307591807,hardcover 2011; paperback 2012,https://www.goodreads.com/book/show/9379180-scorecasting; https://www.penguinrandomhouse.com/books/201130/scorecasting-by-tobias-j-moskowitz-and-l-jon-wertheim/,HIGH
The Victory Machine: The Making and Unmaking of the Warriors Dynasty,Ethan Sherwood Strauss,PublicAffairs / Hachette,2020,https://www.amazon.co.uk/s?k=The+Victory+Machine+Strauss,GAP,,https://www.goodreads.com/book/show/51720347-the-victory-machine,3.73,1706,varies — Hachette pb 9781541736221; Amazon price GAP,2026-09-19,narrative,Modern dynasty reportage (Warriors FO/KD era) — journalistic narrative companion to Sprawlball’s on-court analytics of the same revolution.,9781541736221,hardcover; paperback 2021,https://www.goodreads.com/book/show/51720347-the-victory-machine; https://www.hachettebookgroup.com/titles/ethan-sherwood-strauss/the-victory-machine/9781541736221/; https://www.amazon.com/Victory-Machine-Unmaking-Warriors-Dynasty/dp/1541736230,HIGH
Blood in the Garden: The Flagrant History of the 1990s New York Knicks,Chris Herring,Atria Books / Simon & Schuster,2022,https://www.amazon.co.uk/s?k=Blood+in+the+Garden+Chris+Herring,GAP,,https://www.goodreads.com/book/show/58539346-blood-in-the-garden,4.29,5153,varies — S&S hc/pb; Amazon price GAP,2026-09-19,history,Oral-history team era book — cultural/physical ’90s Knicks for readers who want Simmons-era nostalgia with reported depth rather than rankings.,9781982132118,hardcover Jan 2022; paperback ISBN 9781982132125,https://www.goodreads.com/book/show/58539346-blood-in-the-garden; https://www.simonandschuster.net/books/Blood-in-the-Garden/Chris-Herring/9781982132132,HIGH
The City Game: Basketball from the Garden to the Playgrounds,Pete Axthelm,Bison Books / University of Nebraska Press (reprint); originally Harper & Row,1970,https://www.amazon.co.uk/s?k=The+City+Game+Pete+Axthelm,GAP,,https://www.goodreads.com/book/show/907,4.09,394,varies — Nebraska reprint pb; used market common,2026-09-19,history,"Classic NYC playground-to-Garden cultural history (user’s ‘City Game’ ask; youth ‘Triple Threat’ novels excluded as off-desk) — ancestor of smart fan cultural writing, not analytics.",9780803259348,original 1970; Bison Books reprint 1999 paperback,https://www.goodreads.com/book/show/907; https://www.nebraskapress.unl.edu/bison-books/9780803259348/the-city-game/; https://openroadmedia.com/ebook/the-city-game/9781453220641,HIGH
"Showtime: Magic, Kareem, Riley, and the Los Angeles Lakers Dynasty of the 1980s",Jeff Pearlman,Gotham / Avery (Penguin),2014,https://www.amazon.co.uk/s?k=Showtime+Jeff+Pearlman+Lakers,GAP,,https://www.goodreads.com/book/show/18079520-showtime,4.36,4957,varies — PRH paperback 9781592408870; Amazon price GAP,2026-09-19,history,Big oral-history dynasty narrative — Showtime Lakers for Simmons-style era immersion without the ranking thesis of Book of Basketball.,9781592408870,hardcover 2014 ISBN 9781592407552; paperback,https://www.goodreads.com/book/show/18079520-showtime; https://www.penguinrandomhouse.com/books/310991/showtime-by-jeff-pearlman/,HIGH
"Dream Team: How Michael, Magic, Larry, Charles, and the Greatest Team of All Time Conquered the World and Changed the Game of Basketball Forever",Jack McCallum,Ballantine Books,2012,https://www.amazon.co.uk/s?k=Dream+Team+Jack+McCallum,GAP,,https://www.goodreads.com/book/show/13152668-dream-team,4.23,14277,varies — PRH pb 9780345520494; Amazon price GAP,2026-09-19,history,1992 Olympics origin myth reporting — popular history adjacent to Last Dance / Dream Team lore that Simmons readers already argue about.,9780345520494,hardcover 9780345520487; paperback 2013,https://www.goodreads.com/book/show/13152668-dream-team; https://www.penguinrandomhouse.com/books/200376/dream-team-by-jack-mccallum/,HIGH
The Breaks of the Game,David Halberstam,Knopf (orig.); Grand Central / Hyperion reprints,1981,https://www.amazon.co.uk/s?k=The+Breaks+of+the+Game+Halberstam,GAP,,https://www.goodreads.com/book/show/75406.The_Breaks_of_the_Game,4.22,13656,varies — reprint pb 9781401309725 common; Amazon price GAP,2026-09-19,narrative,Canonical embedded NBA season (1979–80 Trail Blazers) — the literary bar for longform basketball narrative that Simmons-era books still echo.,9781401309725,hardcover 1981; multiple paperbacks (Ballantine 1983; Hyperion/GCP 2009),https://www.goodreads.com/book/show/75406.The_Breaks_of_the_Game; https://www.abebooks.com/9781401309725/Breaks-Game-Halberstam-David-1401309720/plp,HIGH
When the Game Was Ours,"Larry Bird; Earvin ""Magic"" Johnson; Jackie MacMullan",Houghton Mifflin Harcourt,2009,https://www.amazon.co.uk/s?k=When+the+Game+Was+Ours+MacMullan,GAP,,https://www.goodreads.com/book/show/40624439-when-the-game-was-ours,4.23,16273,varies — widely available pb; Amazon price GAP,2026-09-19,memoir,Rivalry memoir (Bird–Magic) — player-voice history that pairs with Dream Team / Showtime for ’80s desk reading without analytics.,9780547394589,hardcover 2009 ISBN 9780547225470; Mariner paperback 2010 ISBN 9780547394589; audiobook,https://www.goodreads.com/book/show/40624439-when-the-game-was-ours; https://www.amazon.com/When-Game-Ours-Larry-Bird/dp/0547225474; https://www.goodreads.com/author/show/107804.Jackie_MacMullan; https://isbn.nu/9780547394589,HIGH
"Basketball (and Other Things): A Collection of Questions Asked, Answered, Illustrated",Shea Serrano,Abrams Image,2017,https://www.amazon.co.uk/s?k=Basketball+and+Other+Things+Shea+Serrano,GAP,,https://www.goodreads.com/book/show/34227719-basketball-and-other-things,4.38,6723,varies — Abrams editions; Amazon price GAP,2026-09-19,how_to_watch,Illustrated debate-essay watch companion — closer to Simmons humor/ranking energy and Greene’s approachable watch desk than to Oliver’s math.,9781419726477,paperback 2017; later hardcover 9781419743191 (2020),https://www.goodreads.com/book/show/34227719-basketball-and-other-things; https://www.abramsbooks.com/product/basketball-and-other-things_9781419743191/; https://en.wikipedia.org/wiki/Basketball_(and_Other_Things),HIGH
"FreeDarko Presents: The Macrophenomenal Pro Basketball Almanac: Styles, Stats, and Stars in Today's Game",Bethlehem Shoals and FreeDarko collective,Bloomsbury USA,2008,https://www.amazon.co.uk/s?k=FreeDarko+Macrophenomenal+Almanac,GAP,,https://www.goodreads.com/book/show/3355159-freedarko-presents,4.28,1348,varies — often OOP/used; Amazon price GAP,2026-09-19,how_to_watch,Proto–smart-fan aesthetic/stats almanac — stylistic ancestor Sprawlball name-checks; between Simmons culture and early analytics vernacular.,9781596915619,hardcover illustrated 224pp,https://www.goodreads.com/book/show/3355159-freedarko-presents; https://www.amazon.com/FreeDarko-Presents-Macrophenomenal-Basketball-Almanac/dp/1596915617,HIGH
There's Always This Year: On Basketball and Ascension,Hanif Abdurraqib,Random House,2024,https://www.amazon.co.uk/s?k=There%27s+Always+This+Year+Abdurraqib,GAP,,https://www.goodreads.com/book/show/181347561-there-s-always-this-year,4.25,15128,varies — Random House hc/pb; Amazon price GAP,2026-09-19,narrative,Literary cultural essay on fandom/ascension (Cleveland/LeBron orbit) — expands the desk beyond box scores into the cultural lane Greene and Simmons also touch.,9780593448793,hardcover Mar 2024; paperback 9780593448809,https://www.goodreads.com/book/show/181347561-there-s-always-this-year; https://www.penguinrandomhouseretail.com/book/?isbn=9780593448793,HIGH
