team_id,abbr,english_name,wikidata_qid,zh_hans,zh_hant,city_zh_hans,city_zh_hant,nickname_zh_hans,nickname_zh_hant,zh_cn_label,zh_tw_label,zh_hk_label,zhwiki_title,source_url_hans,source_url_hant,city_source_url,access_date,notes
nba_celtics_q131371,BOS,Boston Celtics,Q131371,波士顿凯尔特人,波士頓塞爾提克,波士顿,波士頓,凯尔特人,塞爾提克,波士顿凯尔特人,波士頓塞爾提克,波士頓塞爾特人,波士顿凯尔特人,https://zh.wikipedia.org/wiki/%E6%B3%A2%E5%A3%AB%E9%A1%BF%E5%87%AF%E5%B0%94%E7%89%B9%E4%BA%BA,https://www.wikidata.org/wiki/Q131371,https://www.wikidata.org/wiki/Q100,2026-09-20,zh_hant = Wikidata label zh-tw (Taiwan media convention); HK variant (Wikidata zh-hk): 波士頓塞爾特人; zh-hant generic differs from zh-tw: 波士頓凱爾特人; city labels from Wikidata Q100 (https://www.wikidata.org/wiki/Q100); nickname_zh_hans = remainder after city prefix; nickname_zh_hant = remainder after city prefix
nba_nets_q572134,BKN,Brooklyn Nets,Q572134,布鲁克林篮网,布魯克林籃網,布鲁克林区,布魯克林,篮网,籃網,布鲁克林篮网,布魯克林籃網,,布鲁克林篮网,https://zh.wikipedia.org/wiki/%E5%B8%83%E9%B2%81%E5%85%8B%E6%9E%97%E7%AF%AE%E7%BD%91,https://www.wikidata.org/wiki/Q572134,https://www.wikidata.org/wiki/Q18419,2026-09-20,zh_hant = Wikidata label zh-tw (Taiwan media convention); city labels from Wikidata Q18419 (https://www.wikidata.org/wiki/Q18419); nickname_zh_hans split using prefix form '布鲁克林' (differs from Wikidata city label '布鲁克林区'); nickname_zh_hant = remainder after city prefix
nba_knicks_q131364,NYK,New York Knicks,Q131364,纽约尼克斯,紐約尼克,纽约,紐約,尼克斯,尼克,纽约尼克斯,紐約尼克,紐約人,纽约尼克斯,https://zh.wikipedia.org/wiki/%E7%BA%BD%E7%BA%A6%E5%B0%BC%E5%85%8B%E6%96%AF,https://www.wikidata.org/wiki/Q131364,https://www.wikidata.org/wiki/Q60,2026-09-20,zh_hant = Wikidata label zh-tw (Taiwan media convention); HK variant (Wikidata zh-hk): 紐約人; city labels from Wikidata Q60 (https://www.wikidata.org/wiki/Q60); nickname_zh_hans = remainder after city prefix; nickname_zh_hant = remainder after city prefix
nba_76ers_q138089,PHI,Philadelphia 76ers,Q138089,費城76人,費城76人,费城,費城,76人,76人,,費城76人,費城76人,费城76人,https://zh.wikipedia.org/wiki/%E8%B4%B9%E5%9F%8E76%E4%BA%BA,https://www.wikidata.org/wiki/Q138089,https://www.wikidata.org/wiki/Q1345,2026-09-20,zh_hant = Wikidata label zh-tw (Taiwan media convention); zh_hans characters identical to zh_hant; city labels from Wikidata Q1345 (https://www.wikidata.org/wiki/Q1345); nickname_zh_hans split using prefix form '費城' (differs from Wikidata city label '费城'); nickname_zh_hant = remainder after city prefix
nba_raptors_q132880,TOR,Toronto Raptors,Q132880,多伦多猛龙,多倫多暴龍,多伦多,多倫多,猛龙,暴龍,多伦多猛龙,多倫多暴龍,多倫多速龍,多伦多猛龙,https://zh.wikipedia.org/wiki/%E5%A4%9A%E4%BC%A6%E5%A4%9A%E7%8C%9B%E9%BE%99,https://www.wikidata.org/wiki/Q132880,https://www.wikidata.org/wiki/Q172,2026-09-20,zh_hant = Wikidata label zh-tw (Taiwan media convention); HK variant (Wikidata zh-hk): 多倫多速龍; zh-hant generic differs from zh-tw: 多倫多猛龍; city labels from Wikidata Q172 (https://www.wikidata.org/wiki/Q172); nickname_zh_hans = remainder after city prefix; nickname_zh_hant = remainder after city prefix
nba_bulls_q128109,CHI,Chicago Bulls,Q128109,芝加哥公牛,芝加哥公牛,芝加哥,芝加哥,公牛,公牛,芝加哥公牛,芝加哥公牛,芝加哥公牛,芝加哥公牛,https://zh.wikipedia.org/wiki/%E8%8A%9D%E5%8A%A0%E5%93%A5%E5%85%AC%E7%89%9B,https://www.wikidata.org/wiki/Q128109,https://www.wikidata.org/wiki/Q1297,2026-09-20,zh_hant = Wikidata label zh-tw (Taiwan media convention); zh_hans characters identical to zh_hant; city labels from Wikidata Q1297 (https://www.wikidata.org/wiki/Q1297); nickname_zh_hans = remainder after city prefix; nickname_zh_hant = remainder after city prefix
nba_cavaliers_q162990,CLE,Cleveland Cavaliers,Q162990,克里夫兰骑士,克里夫蘭騎士,克利夫兰,克里夫蘭,骑士,騎士,克里夫兰骑士,克里夫蘭騎士,克里夫蘭騎士,克里夫兰骑士,https://zh.wikipedia.org/wiki/%E5%85%8B%E9%87%8C%E5%A4%AB%E5%85%B0%E9%AA%91%E5%A3%AB,https://www.wikidata.org/wiki/Q162990,https://www.wikidata.org/wiki/Q37320,2026-09-20,zh_hant = Wikidata label zh-tw (Taiwan media convention); city labels from Wikidata Q37320 (https://www.wikidata.org/wiki/Q37320); CLE city form variants: Wikidata zh-hans=克利夫兰; team label uses 克里夫兰 — nick split uses team-prefix form when present; nickname_zh_hans split using prefix form '克里夫兰' (differs from Wikidata city label '克利夫兰'); nickname_zh_hant = remainder after city prefix
nba_pistons_q169661,DET,Detroit Pistons,Q169661,底特律活塞,底特律活塞,底特律,底特律,活塞,活塞,底特律活塞,底特律活塞,底特律活塞,底特律活塞,https://zh.wikipedia.org/wiki/%E5%BA%95%E7%89%B9%E5%BE%8B%E6%B4%BB%E5%A1%9E,https://www.wikidata.org/wiki/Q169661,https://www.wikidata.org/wiki/Q12439,2026-09-20,zh_hant = Wikidata label zh-tw (Taiwan media convention); zh_hans characters identical to zh_hant; city labels from Wikidata Q12439 (https://www.wikidata.org/wiki/Q12439); nickname_zh_hans = remainder after city prefix; nickname_zh_hant = remainder after city prefix
nba_pacers_q170329,IND,Indiana Pacers,Q170329,印第安纳步行者,印第安納溜馬,印第安纳州,印第安納州,步行者,溜馬,印第安纳步行者,印第安納溜馬,印第安納溜馬,印第安纳步行者,https://zh.wikipedia.org/wiki/%E5%8D%B0%E7%AC%AC%E5%AE%89%E7%BA%B3%E6%AD%A5%E8%A1%8C%E8%80%85,https://www.wikidata.org/wiki/Q170329,https://www.wikidata.org/wiki/Q1415,2026-09-20,zh_hant = Wikidata label zh-tw (Taiwan media convention); city labels from Wikidata Q1415 (https://www.wikidata.org/wiki/Q1415); nickname_zh_hans split using prefix form '印第安纳' (differs from Wikidata city label '印第安纳州'); nickname_zh_hant split using prefix form '印第安納' (differs from Wikidata city/tw label '印第安納州')
nba_bucks_q169637,MIL,Milwaukee Bucks,Q169637,密尔沃基雄鹿,密爾瓦基公鹿,密尔沃基,密爾瓦基,雄鹿,公鹿,密尔沃基雄鹿,密爾瓦基公鹿,密爾沃基公鹿,密尔沃基雄鹿,https://zh.wikipedia.org/wiki/%E5%AF%86%E5%B0%94%E6%B2%83%E5%9F%BA%E9%9B%84%E9%B9%BF,https://www.wikidata.org/wiki/Q169637,https://www.wikidata.org/wiki/Q37836,2026-09-20,zh_hant = Wikidata label zh-tw (Taiwan media convention); HK variant (Wikidata zh-hk): 密爾沃基公鹿; city labels from Wikidata Q37836 (https://www.wikidata.org/wiki/Q37836); nickname_zh_hans = remainder after city prefix; nickname_zh_hant = remainder after city prefix
nba_hawks_q159893,ATL,Atlanta Hawks,Q159893,亚特兰大老鹰,亞特蘭大老鷹,亚特兰大,亞特蘭大,老鹰,老鷹,亚特兰大老鹰,亞特蘭大老鷹,阿特蘭大鷹隊,亚特兰大老鹰,https://zh.wikipedia.org/wiki/%E4%BA%9A%E7%89%B9%E5%85%B0%E5%A4%A7%E8%80%81%E9%B9%B0,https://www.wikidata.org/wiki/Q159893,https://www.wikidata.org/wiki/Q23556,2026-09-20,zh_hant = Wikidata label zh-tw (Taiwan media convention); HK variant (Wikidata zh-hk): 阿特蘭大鷹隊; city labels from Wikidata Q23556 (https://www.wikidata.org/wiki/Q23556); nickname_zh_hans = remainder after city prefix; nickname_zh_hant = remainder after city prefix
nba_hornets_q163480,CHA,Charlotte Hornets,Q163480,夏洛特黄蜂,夏洛特黃蜂,夏洛特,夏洛特,黄蜂,黃蜂,夏洛特黄蜂,夏洛特黃蜂,夏洛特黃蜂,夏洛特黃蜂,https://zh.wikipedia.org/wiki/%E5%A4%8F%E6%B4%9B%E7%89%B9%E9%BB%83%E8%9C%82,https://www.wikidata.org/wiki/Q163480,https://www.wikidata.org/wiki/Q16565,2026-09-20,zh_hant = Wikidata label zh-tw (Taiwan media convention); city labels from Wikidata Q16565 (https://www.wikidata.org/wiki/Q16565); nickname_zh_hans = remainder after city prefix; nickname_zh_hant = remainder after city prefix; zh-hk aliases: 夏洛特山貓
nba_heat_q169138,MIA,Miami Heat,Q169138,迈阿密热火,邁阿密熱火,迈阿密,邁阿密,热火,熱火,迈阿密热火,邁阿密熱火,邁阿密熱火,迈阿密热火,https://zh.wikipedia.org/wiki/%E8%BF%88%E9%98%BF%E5%AF%86%E7%83%AD%E7%81%AB,https://www.wikidata.org/wiki/Q169138,https://www.wikidata.org/wiki/Q8652,2026-09-20,zh_hant = Wikidata label zh-tw (Taiwan media convention); city labels from Wikidata Q8652 (https://www.wikidata.org/wiki/Q8652); nickname_zh_hans = remainder after city prefix; nickname_zh_hant = remainder after city prefix
nba_magic_q161337,ORL,Orlando Magic,Q161337,奥兰多魔术,奧蘭多魔術,奥兰多,奧蘭多,魔术,魔術,奥兰多魔术,奧蘭多魔術,奧蘭多魔術,奥兰多魔术,https://zh.wikipedia.org/wiki/%E5%A5%A5%E5%85%B0%E5%A4%9A%E9%AD%94%E6%9C%AF,https://www.wikidata.org/wiki/Q161337,https://www.wikidata.org/wiki/Q49233,2026-09-20,zh_hant = Wikidata label zh-tw (Taiwan media convention); city labels from Wikidata Q49233 (https://www.wikidata.org/wiki/Q49233); nickname_zh_hans = remainder after city prefix; nickname_zh_hant = remainder after city prefix
nba_wizards_q169165,WAS,Washington Wizards,Q169165,华盛顿奇才,華盛頓巫師,华盛顿哥伦比亚特区,華盛頓哥倫比亞特區,奇才,巫師,华盛顿奇才,華盛頓巫師,華盛頓巫師,华盛顿奇才,https://zh.wikipedia.org/wiki/%E5%8D%8E%E7%9B%9B%E9%A1%BF%E5%A5%87%E6%89%8D,https://www.wikidata.org/wiki/Q169165,https://www.wikidata.org/wiki/Q61,2026-09-20,zh_hant = Wikidata label zh-tw (Taiwan media convention); zh-hant generic differs from zh-tw: 華盛頓奇才; city labels from Wikidata Q61 (https://www.wikidata.org/wiki/Q61); nickname_zh_hans split using prefix form '华盛顿' (differs from Wikidata city label '华盛顿哥伦比亚特区'); nickname_zh_hant split using prefix form '華盛頓' (differs from Wikidata city/tw label '華盛頓哥倫比亞特區')
nba_nuggets_q162954,DEN,Denver Nuggets,Q162954,丹佛掘金,丹佛金塊,丹佛,丹佛,掘金,金塊,丹佛掘金,丹佛金塊,丹佛金塊,丹佛掘金,https://zh.wikipedia.org/wiki/%E4%B8%B9%E4%BD%9B%E6%8E%98%E9%87%91,https://www.wikidata.org/wiki/Q162954,https://www.wikidata.org/wiki/Q16554,2026-09-20,zh_hant = Wikidata label zh-tw (Taiwan media convention); city labels from Wikidata Q16554 (https://www.wikidata.org/wiki/Q16554); nickname_zh_hans = remainder after city prefix; nickname_zh_hant = remainder after city prefix
nba_timberwolves_q170558,MIN,Minnesota Timberwolves,Q170558,明尼苏达森林狼,明尼蘇達灰狼,明尼苏达州,明尼蘇達州,森林狼,灰狼,明尼苏达森林狼,明尼蘇達灰狼,明尼蘇達木狼,明尼苏达森林狼,https://zh.wikipedia.org/wiki/%E6%98%8E%E5%B0%BC%E8%8B%8F%E8%BE%BE%E6%A3%AE%E6%9E%97%E7%8B%BC,https://www.wikidata.org/wiki/Q170558,https://www.wikidata.org/wiki/Q1527,2026-09-20,zh_hant = Wikidata label zh-tw (Taiwan media convention); HK variant (Wikidata zh-hk): 明尼蘇達木狼; city labels from Wikidata Q1527 (https://www.wikidata.org/wiki/Q1527); nickname_zh_hans split using prefix form '明尼苏达' (differs from Wikidata city label '明尼苏达州'); nickname_zh_hant split using prefix form '明尼蘇達' (differs from Wikidata city/tw label '明尼蘇達州')
nba_thunder_q180950,OKC,Oklahoma City Thunder,Q180950,俄克拉荷马城雷霆,奧克拉荷馬雷霆,俄克拉何马城,奧克拉荷馬市,雷霆,雷霆,俄克拉荷马城雷霆,奧克拉荷馬雷霆,奧克拉荷馬雷霆,俄克拉荷马城雷霆,https://zh.wikipedia.org/wiki/%E4%BF%84%E5%85%8B%E6%8B%89%E8%8D%B7%E9%A9%AC%E5%9F%8E%E9%9B%B7%E9%9C%86,https://www.wikidata.org/wiki/Q180950,https://www.wikidata.org/wiki/Q34863,2026-09-20,zh_hant = Wikidata label zh-tw (Taiwan media convention); city labels from Wikidata Q34863 (https://www.wikidata.org/wiki/Q34863); nickname_zh_hans split using prefix form '俄克拉荷马城' (differs from Wikidata city label '俄克拉何马城'); nickname_zh_hant split using prefix form '奧克拉荷馬' (differs from Wikidata city/tw label '奧克拉荷馬市')
nba_blazers_q167253,POR,Portland Trail Blazers,Q167253,波特兰开拓者,波特蘭拓荒者,波特兰,波特蘭,开拓者,拓荒者,波特兰开拓者,波特蘭拓荒者,波特蘭拓荒者,波特兰开拓者,https://zh.wikipedia.org/wiki/%E6%B3%A2%E7%89%B9%E5%85%B0%E5%BC%80%E6%8B%93%E8%80%85,https://www.wikidata.org/wiki/Q167253,https://www.wikidata.org/wiki/Q6106,2026-09-20,zh_hant = Wikidata label zh-tw (Taiwan media convention); city labels from Wikidata Q6106 (https://www.wikidata.org/wiki/Q6106); nickname_zh_hans = remainder after city prefix; nickname_zh_hant = remainder after city prefix
nba_jazz_q170649,UTA,Utah Jazz,Q170649,犹他爵士,猶他爵士,犹他州,猶他州,爵士,爵士,犹他爵士,猶他爵士,猶他爵士,犹他爵士,https://zh.wikipedia.org/wiki/%E7%8A%B9%E4%BB%96%E7%88%B5%E5%A3%AB,https://www.wikidata.org/wiki/Q170649,https://www.wikidata.org/wiki/Q829,2026-09-20,zh_hant = Wikidata label zh-tw (Taiwan media convention); city labels from Wikidata Q829 (https://www.wikidata.org/wiki/Q829); nickname_zh_hans split using prefix form '犹他' (differs from Wikidata city label '犹他州'); nickname_zh_hant split using prefix form '猶他' (differs from Wikidata city/tw label '猶他州')
nba_warriors_q157376,GSW,Golden State Warriors,Q157376,金州勇士,金州勇士,金州,金州,勇士,勇士,金州勇士,金州勇士,金州勇士,金州勇士,https://zh.wikipedia.org/wiki/%E9%87%91%E5%B7%9E%E5%8B%87%E5%A3%AB,https://www.wikidata.org/wiki/Q157376,prefix-of-team-label,2026-09-20,zh_hant = Wikidata label zh-tw (Taiwan media convention); zh_hans characters identical to zh_hant; city_zh_hans='金州' from prefix of Wikidata/zhwiki team label (Golden State common rendering; not a municipality QID)
nba_clippers_q976396,LAC,Los Angeles Clippers,Q976396,洛杉矶快船,洛杉磯快艇,洛杉矶,洛杉磯,快船,快艇,洛杉矶快船,洛杉磯快艇,,洛杉矶快船,https://zh.wikipedia.org/wiki/%E6%B4%9B%E6%9D%89%E7%9F%B6%E5%BF%AB%E8%88%B9,https://www.wikidata.org/wiki/Q976396,https://www.wikidata.org/wiki/Q65,2026-09-20,zh_hant = Wikidata label zh-tw (Taiwan media convention); city labels from Wikidata Q65 (https://www.wikidata.org/wiki/Q65); nickname_zh_hans = remainder after city prefix; nickname_zh_hant = remainder after city prefix
nba_lakers_q121783,LAL,Los Angeles Lakers,Q121783,洛杉矶湖人,洛杉磯湖人,洛杉矶,洛杉磯,湖人,湖人,洛杉矶湖人,洛杉磯湖人,洛杉磯湖人,洛杉矶湖人,https://zh.wikipedia.org/wiki/%E6%B4%9B%E6%9D%89%E7%9F%B6%E6%B9%96%E4%BA%BA,https://www.wikidata.org/wiki/Q121783,https://www.wikidata.org/wiki/Q65,2026-09-20,zh_hant = Wikidata label zh-tw (Taiwan media convention); city labels from Wikidata Q65 (https://www.wikidata.org/wiki/Q65); nickname_zh_hans = remainder after city prefix; nickname_zh_hant = remainder after city prefix
nba_suns_q164177,PHX,Phoenix Suns,Q164177,菲尼克斯太阳,鳳凰城太陽,菲尼克斯,鳳凰城,太阳,太陽,菲尼克斯太阳,鳳凰城太陽,鳳凰城太陽,菲尼克斯太阳,https://zh.wikipedia.org/wiki/%E8%8F%B2%E5%B0%BC%E5%85%8B%E6%96%AF%E5%A4%AA%E9%98%B3,https://www.wikidata.org/wiki/Q164177,https://www.wikidata.org/wiki/Q16556,2026-09-20,zh_hant = Wikidata label zh-tw (Taiwan media convention); city labels from Wikidata Q16556 (https://www.wikidata.org/wiki/Q16556); nickname_zh_hans = remainder after city prefix; nickname_zh_hant = remainder after city prefix
nba_kings_q166105,SAC,Sacramento Kings,Q166105,萨克拉门托国王,沙加緬度國王,萨克拉门托,沙加緬度,国王,國王,萨克拉门托国王,沙加緬度國王,薩克拉門托帝王,沙加緬度國王,https://zh.wikipedia.org/wiki/%E6%B2%99%E5%8A%A0%E7%B7%AC%E5%BA%A6%E5%9C%8B%E7%8E%8B,https://www.wikidata.org/wiki/Q166105,https://www.wikidata.org/wiki/Q18013,2026-09-20,zh_hant = Wikidata label zh-tw (Taiwan media convention); HK variant (Wikidata zh-hk): 薩克拉門托帝王; city labels from Wikidata Q18013 (https://www.wikidata.org/wiki/Q18013); nickname_zh_hans = remainder after city prefix; nickname_zh_hant = remainder after city prefix
nba_mavericks_q132893,DAL,Dallas Mavericks,Q132893,达拉斯独行侠,達拉斯獨行俠,达拉斯,達拉斯,独行侠,獨行俠,达拉斯独行侠,達拉斯獨行俠,達拉斯牛仔,達拉斯獨行俠,https://zh.wikipedia.org/wiki/%E9%81%94%E6%8B%89%E6%96%AF%E7%8D%A8%E8%A1%8C%E4%BF%A0,https://www.wikidata.org/wiki/Q132893,https://www.wikidata.org/wiki/Q16557,2026-09-20,zh_hant = Wikidata label zh-tw (Taiwan media convention); HK variant (Wikidata zh-hk): 達拉斯牛仔; city labels from Wikidata Q16557 (https://www.wikidata.org/wiki/Q16557); nickname_zh_hans = remainder after city prefix; nickname_zh_hant = remainder after city prefix
nba_rockets_q161345,HOU,Houston Rockets,Q161345,休斯顿火箭,休士頓火箭,休斯敦,休士頓,火箭,火箭,休斯敦火箭,休士頓火箭,侯斯頓火箭,休斯敦火箭,https://zh.wikipedia.org/wiki/%E4%BC%91%E6%96%AF%E6%95%A6%E7%81%AB%E7%AE%AD,https://www.wikidata.org/wiki/Q161345,https://www.wikidata.org/wiki/Q16555,2026-09-20,zh_hant = Wikidata label zh-tw (Taiwan media convention); HK variant (Wikidata zh-hk): 侯斯頓火箭; city labels from Wikidata Q16555 (https://www.wikidata.org/wiki/Q16555); nickname_zh_hans split using prefix form '休斯顿' (differs from Wikidata city label '休斯敦'); nickname_zh_hant = remainder after city prefix
nba_grizzlies_q165529,MEM,Memphis Grizzlies,Q165529,孟菲斯灰熊,曼非斯灰熊,孟菲斯,曼非斯,灰熊,灰熊,孟菲斯灰熊,曼非斯灰熊,孟菲斯灰熊,孟菲斯灰熊,https://zh.wikipedia.org/wiki/%E5%AD%9F%E8%8F%B2%E6%96%AF%E7%81%B0%E7%86%8A,https://www.wikidata.org/wiki/Q165529,https://www.wikidata.org/wiki/Q16563,2026-09-20,zh_hant = Wikidata label zh-tw (Taiwan media convention); HK variant (Wikidata zh-hk): 孟菲斯灰熊; zh-hant generic differs from zh-tw: 孟菲斯灰熊; city labels from Wikidata Q16563 (https://www.wikidata.org/wiki/Q16563); nickname_zh_hans = remainder after city prefix; nickname_zh_hant = remainder after city prefix
nba_pelicans_q172339,NOP,New Orleans Pelicans,Q172339,新奥尔良鹈鹕,紐奧良鵜鶘,新奥尔良,紐奧良,鹈鹕,鵜鶘,新奥尔良鹈鹕,紐奧良鵜鶘,新奧爾良塘鵝,新奥尔良鹈鹕,https://zh.wikipedia.org/wiki/%E6%96%B0%E5%A5%A5%E5%B0%94%E8%89%AF%E9%B9%88%E9%B9%95,https://www.wikidata.org/wiki/Q172339,https://www.wikidata.org/wiki/Q34404,2026-09-20,zh_hant = Wikidata label zh-tw (Taiwan media convention); HK variant (Wikidata zh-hk): 新奧爾良塘鵝; zh-hant generic differs from zh-tw: 新奧爾良鵜鶘; city labels from Wikidata Q34404 (https://www.wikidata.org/wiki/Q34404); nickname_zh_hans = remainder after city prefix; nickname_zh_hant = remainder after city prefix; zh-tw aliases: 紐奧良黃蜂|奧克拉荷馬城黄蜂; zh-hk aliases: 新奧爾良黃蜂
nba_spurs_q159729,SAS,San Antonio Spurs,Q159729,圣安东尼奥马刺,聖安東尼奧馬刺,圣安东尼奥,聖安東尼奧,马刺,馬刺,圣安东尼奥马刺,聖安東尼奧馬刺,聖安東尼奧馬刺,圣安东尼奥马刺,https://zh.wikipedia.org/wiki/%E5%9C%A3%E5%AE%89%E4%B8%9C%E5%B0%BC%E5%A5%A5%E9%A9%AC%E5%88%BA,https://www.wikidata.org/wiki/Q159729,https://www.wikidata.org/wiki/Q975,2026-09-20,zh_hant = Wikidata label zh-tw (Taiwan media convention); city labels from Wikidata Q975 (https://www.wikidata.org/wiki/Q975); nickname_zh_hans = remainder after city prefix; nickname_zh_hant = remainder after city prefix
