event_id,team_abbr,team_name,event_date,event_type,seller,buyer,buyer_structure,price_usd_reported,price_notes,source_url,source_title,confidence,notes
ATL-1946-other,ATL,Buffalo Bisons / Tri-Cities Blackhawks,1946,other,,Ben Kerner & Leo Ferris,group,,GAP: NBL founding / early transfer terms not confirmed as a market sale,https://www.stargazette.com/story/news/local/2016/04/01/elmiras-leo-ferris-helped-shape-nba/82408904/,Elmira's Leo Ferris helped shape the NBA (Star-Gazette),HIGH,"Franchise origin: Buffalo Bisons (NBL) founded 1946 by Kerner, Ferris & B.W. Grafton; mid-season move to Moline as Tri-Cities Blackhawks. Star-Gazette primary local feature — not Wikipedia-only."
ATL-1951-relocation,ATL,Milwaukee Hawks,1951,relocation,,Ben Kerner (owner),sole,,,https://en.wikipedia.org/wiki/Ben_Kerner,Ben Kerner (Wikipedia; Tri-Cities→Milwaukee 1951),HIGH,Tri-Cities Blackhawks → Milwaukee Hawks under Kerner.
ATL-1955-relocation,ATL,St. Louis Hawks,1955,relocation,,Ben Kerner (owner),sole,,,https://en.wikipedia.org/wiki/Ben_Kerner,Ben Kerner (Wikipedia; Milwaukee→St. Louis 1955),HIGH,Milwaukee Hawks → St. Louis Hawks; 1958 NBA champions under Kerner.
ATL-1968-sale,ATL,Atlanta Hawks,1968-05-03,sale,Ben Kerner,Thomas Cousins & Carl Sanders,group,3500000,~$3.5M reported contemporaneous sale + relocation to Atlanta,https://en.wikipedia.org/wiki/Ben_Kerner,Ben Kerner (sale to Cousins/Sanders May 3 1968 for $3.5M),HIGH,Kerner sold St. Louis Hawks; new owners relocated franchise to Atlanta.
ATL-1977-majority,ATL,Atlanta Hawks,1977-01-03,majority_stake,Tom Cousins / Bud Seretean interests,Ted Turner,majority,,GAP: contemporaneous NYT coverage estimated ~$4M for ~55% but no official confirmed cash figure — leave blank,https://www.nytimes.com/1977/01/04/archives/turner-buys-the-hawks-day-after-baseball-ban.html,"Turner Buys the Hawks, Day After Baseball Ban (NYT archives)",HIGH,Turner acquired controlling (~55%) interest Jan 1977; Cousins/Seretean retained minority. Later Time Warner inheritance via TBS preceded 2004 Atlanta Spirit sale.
ATL-2004-sale,ATL,Atlanta Hawks,2004-03-31,sale,Time Warner / previous ownership,Atlanta Spirit LLC,group,250000000,Approx. $250M reported for Hawks+Thrashers package era; team-only allocation uncertain,https://www.nba.com/hawks/news/atlanta_spirit_sale_040331.html,"Atlanta Spirit LLC Announces Close of Sale for Teams, Arena (Hawks.com)",HIGH,Atlanta Spirit closed purchase of Hawks + Thrashers + Philips Arena ops from Time Warner; ~$250M package era commonly cited (team-only allocation uncertain). Later sold to Ressler group.
ATL-2015-sale,ATL,Atlanta Hawks,2015-06-25,sale,Atlanta Spirit LLC,Tony Ressler-led group,majority,850000000,Reported ~$850M purchase of franchise,https://www.nba.com/hawks/news/group-led-tony-ressler-completes-purchase-atlanta-hawks,Group Led By Tony Ressler Completes Purchase of Atlanta Hawks,HIGH,Ressler controlling owner/governor; PE (e.g. Blue Owl/Dyal) later took minority stakes.
ATL-2022-minority,ATL,Atlanta Hawks,2022-01-04,minority_stake,Existing Hawks minority shareholders (nine LPs),Dyal HomeCourt Partners (Blue Owl),group,,GAP: cash undisclosed; ~6% from minority LPs (Ressler did not sell). Sportico valued franchise near ~$2B at deal,https://www.sportico.com/leagues/basketball/2022/dyals-atlanta-hawks-stake-1234657575/,Dyal's Atlanta Hawks Stake Bolsters NBA Private Equity Boomlet (Sportico),HIGH,PR Newswire / Blue Owl announce same day. Passive institutional minority under Ressler control.
BKN-1967-other,BKN,New Jersey Americans,1967,other,ABA,Arthur J. Brown / Mark Binstein-led group,group,,GAP: ABA franchise award economics not a secondary-market sale,http://www.remembertheaba.com/TeamMaterial/NewYorkMaterial/AmericansNetsYearly.html,Remember the ABA: New Jersey Americans / New York Nets yearly notes,HIGH,ABA founding as New Jersey Americans (1967–68).
BKN-1968-relocation,BKN,New York Nets,1968,relocation,,Arthur J. Brown (owner),sole,,,https://en.wikipedia.org/wiki/History_of_the_Brooklyn_Nets,History of the Brooklyn Nets (NJ Americans→NY Nets 1968),HIGH,Moved to Long Island; rebranded New York Nets.
BKN-1976-other,BKN,New York Nets,1976-06-17,other,ABA,Existing ABA ownership (Roy Boe era / NBA entry),unknown,3200000,ABA–NBA merger entry charge ~$3.2M (not a market sale),https://en.wikipedia.org/wiki/History_of_the_Brooklyn_Nets,History of the Brooklyn Nets (ABA–NBA merger),HIGH,Nets entered NBA from ABA with Nuggets/Pacers/Spurs.
BKN-1977-relocation,BKN,New Jersey Nets,1977,relocation,,Roy Boe (owner),sole,,,https://en.wikipedia.org/wiki/History_of_the_Brooklyn_Nets,History of the Brooklyn Nets (return to New Jersey 1977),HIGH,NY Nets → New Jersey Nets after NBA entry financial pressure.
BKN-1978-sale,BKN,New Jersey Nets,1978-08,sale,Roy Boe,"Secaucus Seven (Alan Cohen, Joseph Taub et al.)",group,,GAP: exact purchase price for Secaucus Seven buyout not confirmed here,https://www.nytimes.com/1978/08/09/archives/purchase-of-the-nets-ready-to-wrap-it-up-nets-deal-almost-complete.html,Purchase of the Nets: Ready to Wrap It Up (NYT archives),MEDIUM,Local investor group saved franchise in NJ; preceded Chambers/Katz and YankeeNets eras.
BKN-2004-sale,BKN,Brooklyn Nets,2004-01-22,sale,YankeeNets / prior NJ ownership,Bruce Ratner / Forest City (Nets to Brooklyn plan),group,300000000,NYT/ESPN contemporaneous: Ratner group bought Nets from YankeeNets for ~$300M (outbid Kushner/Corzine ~$267.5M).,https://www.nytimes.com/2004/01/22/sports/pro-basketball-overview-nets-are-sold-for-300-million-dream-grows-brooklyn.html,"Nets Are Sold for $300 Million, And Dream Grows in Brooklyn (NYT)",HIGH,Led to Brooklyn relocation plan; franchise then still NJ Nets. Price gap closed vs prior Spotrac blank.
BKN-2010-majority,BKN,Brooklyn Nets,2010-05-11,majority_stake,Bruce Ratner / Forest City interests,Mikhail Prokhorov,majority,200000000,Often cited ~$200M for controlling stake (partial); enterprise package values vary,https://pr.nba.com/nba-board-of-governors-approves-sale-of-nj-nets-to-mikhail-prokorov/,NBA Board of Governors approves sale of Nets to Mikhail Prokhorov (NBA Communications),HIGH,Prokhorov ~80% controlling stake; Ratner retained minority during Brooklyn arena path. Often cited ~$200M for controlling stake (enterprise package values vary).
BKN-2012-relocation,BKN,Brooklyn Nets,2012-07,relocation,,Mikhail Prokhorov / Ratner group (operators),majority,,,https://www.nba.com/nets/,Brooklyn Nets franchise site,HIGH,New Jersey Nets → Brooklyn Nets (Barclays Center). Ownership continuous under Prokhorov era.
BKN-2019-sale,BKN,Brooklyn Nets,2019-09-18,sale,Mikhail Prokhorov,Joe Tsai (and Clara Wu Tsai),sole,2350000000,Often cited ~$2.35B path for full ownership; earlier ~49% stake then remaining 51%+Barclays interests; some packages cited nearer $3.4B including arena ops,https://www.nba.com/nets/news/joe-tsai-completes-acquisition-full-ownership-brooklyn-nets-and-barclays-center,Joe Tsai Completes Acquisition of Full Ownership of Brooklyn Nets and Barclays Center,HIGH,Tsai completed full ownership 2019. Koch family later bought ~15% of BSE Global (2024) at ~$6B enterprise valuation — minority_stake separate.
BKN-2024-minority,BKN,Brooklyn Nets,2024-06-20,minority_stake,Joe/Clara Tsai interests (BSE Global),Koch family (Julia Koch et al.),group,688000000,$688M cash for 15% of BSE Global (Nets/Liberty/Barclays); EV $6B incl. $1.43B net debt; equity ~$4.6B (Sportico from NBA owner memo),https://www.sportico.com/business/team-sales/2024/koch-nets-stake-sale-debt-valuation-1234784985/,"Kochs Paying $688M for Nets Stake (Sportico, Jun 20 2024)",HIGH,Julia Koch and family; Tsai retained control. NBA approved shortly after.
BOS-1946-expansion,BOS,Boston Celtics,1946,expansion,BAA / NBA predecessor,Walter A. Brown / Boston Garden-Arena Corp.,sole,10000,"Each BAA charter franchise paid $10,000 league franchise fee for operating expenses (American Heritage 1997 retrospective on 1946 BAA founding). Not a secondary-market sale.",https://www.americanheritage.com/first-serious-basketball-league,"The First Serious Basketball League (American Heritage, May/Jun 1997)",MEDIUM,Original BAA charter franchise; Brown founding owner/operator.
BOS-1978-other,BOS,Boston Celtics,1978-07,other,Irv Levin & Harold Lipton,John Y. Brown Jr. & Harry Mangurian Jr.,group,,Franchise swap with Buffalo Braves — not a cash market sale; GAP on cash equalizers,https://www.nytimes.com/1978/06/30/archives/celtics-and-braves-agree-on-switch-buffalo-move-to-san-diego-set.html,Celtics and Braves Agree on Switch (NYT archives),HIGH,Owners swapped franchises: Levin took Braves (→San Diego Clippers); Brown/Mangurian took Celtics. Famous oddball ownership event.
BOS-1983-sale,BOS,Boston Celtics,1983-09-23,sale,Harry Mangurian Jr.,"Don Gaston, Alan Cohen & Paul Dupee Jr.",group,15000000,Contemporaneous reports commonly ~$15M (range cited $13–19M); use $15M as modal figure,https://www.upi.com/Archives/1983/09/23/The-sale-of-the-Boston-Celtics-was-unanimously-approved/9626433137600/,The sale of the Boston Celtics was unanimously approved (UPI Archives),MEDIUM,NBA BOG approved Sept 1983. Paul Gaston later consolidated control before 2002 Grousbeck sale.
BOS-2002-sale,BOS,Boston Celtics,2002,sale,Paul Gaston,"Boston Basketball Partners (Wyc Grousbeck, Steve Pagliuca et al.)",group,360000000,$360M reported sale price,https://www.spotrac.com/nba/ownership,NBA Ownership | Spotrac,HIGH,Grousbeck group held control until 2025 majority sale.
BOS-2025-majority,BOS,Boston Celtics,2025-08-19,majority_stake,Boston Basketball Partners / Grousbeck family interests,Bill Chisholm-led group (Symphony Technology Group),majority,6100000000,Initial majority control ~$6.1B; full control scheduled by 2028; some reports cite up to ~$7.3B path,https://www.nba.com/celtics/news/chisholm-group-takes-control-of-the-boston-celtics,Chisholm Group Takes Control of the Boston Celtics,HIGH,Chisholm majority (~51%); Grousbeck retained minority and management role. Access 2026-09-19: Chisholm is controlling owner.
CHA-1988-expansion,CHA,Charlotte Hornets,1988,expansion,NBA,George Shinn-led group,group,32500000,Expansion fee ~$32.5M,https://www.spotrac.com/nba/ownership,NBA Ownership | Spotrac,HIGH,Original Charlotte Hornets began 1988–89.
CHA-2002-relocation,CHA,Charlotte Hornets,2002,relocation,George Shinn,George Shinn (same owner moved ops),sole,,,https://www.spotrac.com/nba/ownership,NBA Ownership | Spotrac,HIGH,Franchise relocated to New Orleans (became NO Hornets/Pelicans). Charlotte history later reassigned to current CHA franchise (2014).
CHA-2004-expansion,CHA,Charlotte Bobcats,2004,expansion,NBA,Robert L. Johnson,sole,300000000,Expansion fee ~$300M for Bobcats,https://www.spotrac.com/nba/ownership,NBA Ownership | Spotrac,HIGH,Charlotte returned via Bobcats expansion 2004–05.
CHA-2010-majority,CHA,Charlotte Bobcats,2010,majority_stake,Robert L. Johnson,Michael Jordan,majority,275000000,Jordan paid ~$275M for majority stake (widely reported),https://www.espn.com/nba/story/_/id/37863644/sources-michael-jordan-finalizing-charlotte-hornets-sale,Sources: Michael Jordan agrees to sell Hornets stake for $3B (ESPN; cites 2010 purchase),HIGH,Jordan became majority owner; team later rebranded Hornets.
CHA-2014-rebrand,CHA,Charlotte Hornets,2014,rebrand,,Michael Jordan (owner of record),majority,,,https://www.spotrac.com/nba/ownership,NBA Ownership | Spotrac,HIGH,Bobcats → Hornets; Charlotte 1988–2002 history reassigned to CHA; NOP history starts 2002–03.
CHA-2023-majority,CHA,Charlotte Hornets,2023-08-03,majority_stake,Michael Jordan,Gabe Plotkin & Rick Schnall-led group,group,3000000000,Approx. $3B franchise valuation for majority-stake sale,https://www.nba.com/hornets/news/group-led-by-gabe-plotkin-and-rick-schnall-finalizes-purchase-of-majority-stake-in-charlotte-hornets-from-michael-jordan,Group Led By Gabe Plotkin and Rick Schnall Finalizes Purchase Of Majority Stake In Charlotte Hornets From Michael Jordan,HIGH,Jordan retained minority stake. Plotkin/Schnall rotate governorship.
CHI-1966-expansion,CHI,Chicago Bulls,1966,expansion,NBA,Dick Klein-led group,group,1200000,Expansion fee ~$1.2M (LAT 1988 retrospective); Bulls official history sometimes cites ~$1.6M — variance noted,https://www.latimes.com/archives/la-xpm-1988-11-08-ss-374-story.html,"NBA: Price of a Starting NBA Franchise Is Up to $32.5 Million (LA Times, Nov 8 1988)",MEDIUM,Dick Klein-led expansion franchise awarded Jan 1966; fee from LAT expansion-fee ladder.
CHI-1972-sale,CHI,Chicago Bulls,1972-08-10,sale,Dick Klein-era ownership group,"Lester Crown / Arthur Wirtz-led Chicago investor group (w/ Klutznick, Kovler, Steinbrenner; Hunt retained)",group,5100000,~$5.1M sale approved by NBA Aug 10 1972 (NYT); Bulls history also cites ~$5M including debt,https://www.nytimes.com/1972/08/11/archives/nba-approves-sale-of-bulls.html,"N.B.A. Approves Sale of Bulls (NYT, Aug 11 1972)",HIGH,Fills Klein (1966)→Reinsdorf (1985) gap. Wirtz (Stadium/Blackhawks) + Crown; Kovler later managing partner.
CHI-1985-sale,CHI,Chicago Bulls,1985-03,sale,Arthur Wirtz estate / Philip Klutznick / Walter Shorenstein / George Steinbrenner et al. (Crown–Kovler–Hunt retain minority),Jerry Reinsdorf-led group,majority,9200000,"~$9.2M cash for ~56.8% controlling interest (Tribune/NYT Feb 1985); implied full-franchise ~$16M. Crown, Kovler, Hunt remained minority partners at close.",https://www.nytimes.com/1985/02/09/sports/sports-people-basketball-buyout-a-group-of-investors-headed-by.html,"SPORTS PEOPLE; Basketball Buyout (NYT, Feb 9 1985) — Reinsdorf majority $9.2M",HIGH,Reinsdorf remains controlling owner as of 2026-09-19. Predecessors: Klein founding (1966); Crown/Wirtz group purchase (1972).
CLE-1970-expansion,CLE,Cleveland Cavaliers,1970,expansion,NBA,Nick Mileti-led group,group,3700000,Expansion fee ~$3.7M (LAT 1988 retrospective on 1970 class),https://www.latimes.com/archives/la-xpm-1988-11-08-ss-374-story.html,NBA: Price of a Starting NBA Franchise Is Up to $32.5 Million (LA Times),HIGH,Cleveland Cavaliers expansion with Portland and Buffalo (1970–71).
CLE-1980-majority,CLE,Cleveland Cavaliers,1980,majority_stake,Prior Cavaliers ownership interests,Ted Stepien,majority,2300000,~$2.3M for ~37% stake from Joe Zingale path (Apr 1980); staged to majority — full-control cash total unclear (some sources say ~$2M for that tranche),https://www.nytimes.com/2007/09/15/sports/basketball/15stepien.html,"Ted Stepien, N.B.A. Owner, Is Dead at 82 (NYT)",MEDIUM,Stepien control era (infamous draft-pick trades); sold to Gunds 1983 (~$20M). Mileti→Mitchell→Zingale→Stepien chain compressed here.
CLE-1983-sale,CLE,Cleveland Cavaliers,1983-05-09,sale,Ted Stepien,Gordon & George Gund,group,20000000,~$20M reported for Stepien majority + related businesses; package composition varies by outlet,https://www.upi.com/Archives/1983/05/09/George-and-Gordon-Gund-announced-formal-purchase-of-the/5268032100040/,George and Gordon Gund announced formal purchase (UPI Archives),HIGH,NBA approved sale May 1983. Gunds owned until Gilbert 2005.
CLE-2005-sale,CLE,Cleveland Cavaliers,2005,sale,Gordon Gund et al.,Dan Gilbert,sole,375000000,Approx. $375M reported,https://www.spotrac.com/nba/ownership,NBA Ownership | Spotrac,HIGH,Gilbert remains controlling owner as of 2026-09-19.
DAL-1980-expansion,DAL,Dallas Mavericks,1980,expansion,NBA,Donald Carter-led group,group,12000000,Expansion fee $12M (Dallas Morning News flashback; LAT/Sonju confirm vs later $32.5M class),https://www.dallasnews.com/sports/mavericks/2016/08/28/flashback-how-the-dallas-mavericks-begged-bartered-and-kicked-the-door-down-to-gain-entrance-into-the-nba/,Flashback: How the Dallas Mavericks gained entrance into the NBA (Dallas Morning News),HIGH,Mavericks expansion 1980–81 under Donald Carter-led group.
DAL-1996-majority,DAL,Dallas Mavericks,1996-05-01,majority_stake,Donald Carter,Ross Perot Jr. & David McDavid-led group,majority,125000000,Often cited ~$125M for ~67% controlling stake,https://www.upi.com/Archives/1996/05/01/Carter-sells-Mavericks-to-Perot/5998830923200/,Carter sells Mavericks to Perot (UPI Archives),HIGH,Perot controlled until Cuban purchase 2000; Carter retained minority initially.
DAL-2000-sale,DAL,Dallas Mavericks,2000,sale,Ross Perot Jr. interests / prior ownership,Mark Cuban,sole,285000000,Widely reported ~$285M,https://www.reviewjournal.com/sports/basketball/nba-approves-dallas-mavericks-sale-to-adelsons-2971928/,Dallas Mavericks sale to Adelson family approved (Review-Journal; cites Cuban 2000 purchase),HIGH,Cuban controlled until 2023 majority sale.
DAL-2023-majority,DAL,Dallas Mavericks,2023-12-27,majority_stake,Mark Cuban,Miriam Adelson / Patrick Dumont family group,majority,3500000000,"~ $3.5B franchise valuation; Adelson/Dumont ~69%, Cuban retained ~27%",https://www.nba.com/mavs/saleofmavsapproved,NBA Board of Governors approve sale of Mavericks,HIGH,Patrick Dumont became governor; Cuban retained minority + basketball ops role initially.
DEN-1967-other,DEN,Denver Rockets,1967-06-14,other,James B. Trindle / Kansas City→Denver Larks ABA franchise,J. William Ringsby & Donald Ringsby (Rocket Truck Lines),majority,,GAP: full-franchise headline blank. Remember the ABA: Ringsbys each paid ~$170k (+ share of $100k performance bond) for two-thirds; team renamed Rockets after Ringsby Rocket Truck Lines. Do not invent full market sale price.,https://www.remembertheaba.com/TeamMaterial/DenverMaterial/RocketsNuggetsYearly.html,Remember the ABA: Denver Rockets/Nuggets Year-by-Year Notes (14 Jun 1967 Ringsby purchase),HIGH,Corrected from prior Wikipedia lead that named J.W. Brown. ABA origin: KC award → Denver Larks → Ringsby rescue/rename to Rockets before first tip. Became Nuggets before NBA entry 1976.
DEN-1976-other,DEN,Denver Nuggets,1976-06-17,other,ABA,Existing ABA ownership (NBA entry),unknown,3200000,ABA–NBA merger entry charge ~$3.2M + pick forfeiture (not a sale),https://www.spotrac.com/nba/ownership,NBA Ownership | Spotrac,HIGH,Nuggets entered NBA from ABA.
DEN-1989-sale,DEN,Denver Nuggets,1989-10-21,sale,Sidney Shlenker-era ownership,Comsat Video Enterprises with Bertram Lee & Peter Bynoe,group,54000000,"~$54M total (UPI/WaPo Oct 1989); Comsat ~$17M for 62.5%, Lee/Bynoe ~$8M for 37.5%, remainder financed. Later Ascent/full Comsat path to Kroenke 2000.",https://www.washingtonpost.com/archive/politics/1989/10/22/comsat-2-businessmen-to-buy-denver-nuggets/2d4a843d-ae2d-4c40-88d2-6bd2af4f5826/,"COMSAT, 2 BUSINESSMEN TO BUY DENVER NUGGETS (Washington Post)",HIGH,Bridge between ABA-era owners and Ascent→Kroenke (2000). Comsat later organized sports assets under Ascent Entertainment.
DEN-2000-sale,DEN,Denver Nuggets,2000-04-25,sale,Ascent Entertainment,Kroenke Sports & Entertainment (Stan Kroenke),sole,450000000,~ $450M package often cited for Nuggets + Avalanche + Pepsi Center interests — team-only price GAP,https://www.latimes.com/archives/la-xpm-2000-apr-25-sp-23247-story.html,Wal-Mart Heir Buys Nuggets and Avalanche for $450 Million (LA Times),HIGH,Kroenke ~$450M package for Nuggets + Avalanche + Pepsi Center interests (team-only GAP). NBA owner of record later Ann Walton Kroenke; KSE control continuous.
DET-1941-other,DET,Fort Wayne Zollner Pistons,1941,other,,Fred Zollner,sole,,Industrial-league→NBL founding — not a secondary-market purchase,https://www.hoophall.com/hall-of-famers/fred-zollner,Fred Zollner | Naismith Basketball Hall of Fame,HIGH,Zollner founded Fort Wayne Zollner Pistons (NBL 1941); later BAA/NBA; relocated to Detroit 1957.
DET-1957-relocation,DET,Detroit Pistons,1957,relocation,,Fred Zollner (owner),sole,,,https://www.spotrac.com/nba/ownership,NBA Ownership | Spotrac,HIGH,Fort Wayne → Detroit.
DET-1974-sale,DET,Detroit Pistons,1974-07-29,sale,Fred Zollner,William Davidson-led group,majority,8100000,$8.1M reported (NYT contemporaneous),https://www.nytimes.com/1974/07/30/archives/pistons-are-sold-for-81million2-pistons-sold-to-detroit-group-by.html,Pistons Are Sold for $8.1-Million (NYT archives),HIGH,Davidson family control until Gores 2011; Bill Davidson majority owner decades.
DET-2011-sale,DET,Detroit Pistons,2011,sale,Karen Davidson / Palace Sports & Entertainment,Tom Gores / Platinum Equity,sole,325000000,Approx. $325M for Pistons + Palace Sports assets,https://www.spotrac.com/nba/ownership,NBA Ownership | Spotrac,HIGH,Gores remains controlling owner as of 2026-09-19.
GSW-1946-expansion,GSW,Philadelphia Warriors,1946,expansion,BAA,Eddie Gottlieb / Philadelphia Arena interests,sole,10000,"Each BAA charter franchise paid $10,000 league franchise fee for operating expenses (American Heritage 1997 retrospective on 1946 BAA founding). Not a secondary-market sale.",https://www.americanheritage.com/first-serious-basketball-league,"The First Serious Basketball League (American Heritage, May/Jun 1997)",MEDIUM,Original BAA charter franchise; Gottlieb founding owner.
GSW-1962-relocation,GSW,Golden State Warriors,1962,relocation,,Franklin Mieuli-led Bay Area group (operators),group,,,https://www.spotrac.com/nba/ownership,NBA Ownership | Spotrac,HIGH,Philadelphia Warriors → San Francisco; later Golden State (1971).
GSW-1962-sale,GSW,San Francisco Warriors,1962,sale,Eddie Gottlieb,Franklin Mieuli-led Bay Area investor group (Diners Club-backed),group,850000,Often cited ~$850K purchase + relocation to San Francisco,https://www.sfgate.com/sports/article/A-tip-of-the-cap-There-s-still-more-to-Mieuli-2685584.php,A tip of the cap / There's still more to Mieuli (SFGate),HIGH,Pairs with GSW-1962-relocation. Diners Club-backed Bay Area group (~40 investors) bought from Gottlieb ~$850K and moved club west; Mieuli later bought out partners to sole control. SFGate feature corroborates Wikipedia lead.
GSW-1971-rebrand,GSW,Golden State Warriors,1971,rebrand,,Franklin Mieuli (owner of record),majority,,,https://en.wikipedia.org/wiki/Golden_State_Warriors,Golden State Warriors (name change to Golden State 1971),HIGH,San Francisco Warriors → Golden State Warriors (Oakland era branding).
GSW-1986-sale,GSW,Golden State Warriors,1986-05-23,sale,Franklin Mieuli,Jim Fitzgerald & Dan Finnane,group,14000000,Often cited ~$14M era figure (loan/net structures vary by outlet),https://www.mercurynews.com/2020/05/23/on-this-date-1986-a-new-day-for-warriors-owners-head-coach/,On this date 1986: a new day for Warriors owners (Mercury News),MEDIUM,Fitzgerald majority era through mid-1990s (Run TMC).
GSW-1991-minority,GSW,Golden State Warriors,1991-12-26,minority_stake,Jim Fitzgerald / Dan Finnane interests,Chris Cohan,unknown,20925000,"Agreed to buy 25% share for $20,925,000 (SFGate Cohan-era timeline)",https://www.sfgate.com/sports/article/The-Warriors-Cohan-era-2874220.php,The Warriors' Cohan era (SFGate),HIGH,Staged path to sole control completed Oct 1994 (~$110M for remaining 75%; see GSW-1995-sale).
GSW-1995-sale,GSW,Golden State Warriors,1994-10-08,sale,Jim Fitzgerald / Dan Finnane interests,Chris Cohan,sole,110000000,~$110M for remaining ~75% (SFGate Cohan-era timeline; settlement Oct 8 1994). Prior 25% Dec 1991 ~$20.925M → total outlay ~$130.9M.,https://www.sfgate.com/sports/article/The-Warriors-Cohan-era-2874220.php,The Warriors' Cohan era (SFGate),HIGH,Completes Cohan sole control after 1991 minority (GSW-1991-minority). Some later writeups say Jan 1995 formalization.
GSW-2010-sale,GSW,Golden State Warriors,2010,sale,Chris Cohan,Joe Lacob & Peter Guber-led group,group,450000000,$450M reported,https://www.spotrac.com/nba/ownership,NBA Ownership | Spotrac,HIGH,Lacob controlling; Arctos and others later added PE minority stakes.
GSW-2021-minority,GSW,Golden State Warriors,2021-04,minority_stake,Existing Warriors limited partners / ownership interests,Arctos Sports Partners,group,,GAP: cash undisclosed; Sportico reported ~5% at ~$5.5B franchise valuation (implied ~$275M not entered as confirmed cash),https://www.sportico.com/leagues/basketball/2021/warriors-arctos-1234626405/,NBA Warriors Sell Minority Stake to Arctos at $5.5 Billion Valuation (Sportico),HIGH,First PE investment after NBA loosened institutional rules. Arctos later increased stake (reported ~13% total in subsequent Sportico coverage) — additional tranches not separately dated here.
HOU-1967-expansion,HOU,San Diego Rockets,1967,expansion,NBA,Robert Breitbard,sole,1750000,Expansion fee often cited ~$1.75M,https://en.wikipedia.org/wiki/History_of_the_Houston_Rockets,History of the Houston Rockets (San Diego expansion 1967),HIGH,San Diego Rockets expansion franchise; relocated to Houston 1971.
HOU-1971-relocation,HOU,Houston Rockets,1971,relocation,,Houston ownership group,group,,GAP: San Diego→Houston purchase price not confirmed here,https://www.spotrac.com/nba/ownership,NBA Ownership | Spotrac,HIGH,San Diego Rockets → Houston.
HOU-1971-sale,HOU,Houston Rockets,1971,sale,Robert Breitbard,Texas Sports Investments (Wayne Duddleston & Billy Goldberg),group,5600000,Often cited ~$5.6M sale + relocation to Houston,https://www.tshaonline.org/handbook/entries/houston-rockets,Houston Rockets | Texas State Historical Association Handbook,HIGH,Pairs with existing HOU-1971-relocation; ownership change enabled move.
HOU-1979-sale,HOU,Houston Rockets,1979,sale,Texas Sports Investments / prior Houston ownership,George Maloof / Maloof family,sole,9000000,Often cited ~$9M (Maloof purchase); verify vs contemporaneous UPI when refreshing,https://www.upi.com/Archives/1982/06/16/Car-dealer-Charlie-Thomas-said-his-purchase-of-the/8276393048000/,Car dealer Charlie Thomas said his purchase of the... (UPI 1982; Maloof era context),MEDIUM,Maloof family owned briefly; after George Maloof death (1980) sold to Charlie Thomas group 1982.
HOU-1982-sale,HOU,Houston Rockets,1982-06-16,sale,Maloof family,Charlie Thomas (with Sidney Shlenker interests reported),group,,GAP: contemporaneous press commonly cited ~$11–12M range (UPI/NYT June 1982) — no single confirmed filing amount entered,https://www.nytimes.com/1982/06/16/sports/nuggets-rockets-are-sold.html,"NUGGETS, ROCKETS ARE SOLD (NYT, Jun 16 1982)",MEDIUM,Thomas controlled until Alexander 1993 (~$85M).
HOU-1993-sale,HOU,Houston Rockets,1993,sale,Charlie Thomas-led ownership,Leslie Alexander,sole,85000000,Often cited ~$85M (Alexander from Thomas); LAT/Tribune 1993 coverage,https://www.espn.com/nba/story/_/id/20588603/tilman-fertitta-agrees-purchase-houston-rockets-record-price-22-billion,Tilman Fertitta agrees to buy Rockets (ESPN; context on Alexander era),HIGH,Alexander owned until Fertitta 2017. Prior: Maloof 1979 → Thomas 1982.
HOU-2017-sale,HOU,Houston Rockets,2017-10,sale,Leslie Alexander,Tilman Fertitta,sole,2200000000,Record ~$2.2B at time; included Toyota Center operating rights in package reporting,https://www.espn.com/nba/story/_/id/20588603/tilman-fertitta-agrees-purchase-houston-rockets-record-price-22-billion,Houston businessman Tilman Fertitta agrees to buy Rockets for record $2.2 billion,HIGH,Fertitta remains owner as of 2026-09-19.
IND-1967-other,IND,Indiana Pacers,1967,other,ABA,Indiana Professional Sports / local investor group,group,,GAP: ABA franchise award — not secondary-market sale,https://indyencyclopedia.org/indiana-pacers/,Indiana Pacers | Encyclopedia of Indianapolis,HIGH,ABA founding 1967; NBA entry 1976 already in ledger.
IND-1976-other,IND,Indiana Pacers,1976-06-17,other,ABA,Existing ABA ownership (NBA entry),unknown,3200000,ABA–NBA merger entry charge ~$3.2M,https://www.spotrac.com/nba/ownership,NBA Ownership | Spotrac,HIGH,Pacers entered NBA from ABA.
IND-1983-sale,IND,Indiana Pacers,1983,sale,Sam Nassi-led group,Herb and Mel Simon,group,11000000,Approx. $11M; kept franchise in Indiana,https://www.spotrac.com/nba/ownership,NBA Ownership | Spotrac,HIGH,Herb Simon remains majority; Steven Rales later significant minority (~20%).
IND-2023-minority,IND,Indiana Pacers,2023-12,minority_stake,Herbert Simon,Steven Rales,majority,,GAP: dollar amount for Rales stake increase not confirmed; reported to ~20%,https://www.si.com/nba/pacers/news/steven-rales-purchases-15-of-indiana-pacers-from-herbert-simon-now-owns-20-of-the-team-pending-nba-approval,Steven Rales purchases Pacers stake (SI),MEDIUM,Simon remains controlling majority (~80%).
LAC-1970-expansion,LAC,Buffalo Braves,1970,expansion,NBA,Paul Snyder-led group,group,3700000,Buffalo Braves expansion fee ~$3.7M (LAT 1988 retrospective on 1970 class),https://www.latimes.com/archives/la-xpm-1988-11-08-ss-374-story.html,NBA: Price of a Starting NBA Franchise Is Up to $32.5 Million (LA Times),HIGH,Buffalo Braves expansion 1970–71; later San Diego / LA Clippers.
LAC-1978-relocation,LAC,San Diego Clippers,1978,relocation,,Irv Levin (owner after franchise swap),sole,,,https://www.nytimes.com/1978/06/30/archives/celtics-and-braves-agree-on-switch-buffalo-move-to-san-diego-set.html,Celtics and Braves Agree on Switch (NYT archives),HIGH,Buffalo Braves → San Diego Clippers after Levin/Brown franchise swap (see LAC-1978-other). Soft-align source with companion swap row.
LAC-1978-other,LAC,Buffalo Braves / San Diego Clippers,1978-07,other,John Y. Brown Jr. & Harry Mangurian (Braves),Irv Levin & Harold Lipton (via franchise swap with Celtics),group,,Franchise swap — not cash sale; Levin then relocated Braves to San Diego as Clippers,https://www.nytimes.com/1978/06/30/archives/celtics-and-braves-agree-on-switch-buffalo-move-to-san-diego-set.html,Celtics and Braves Agree on Switch (NYT archives),HIGH,Companion to BOS-1978-other and existing LAC-1978-relocation.
LAC-1981-sale,LAC,San Diego Clippers,1981,sale,Prior ownership,Donald Sterling,sole,12500000,Often cited ~$12.5M,https://www.espn.com/nba/story/_/id/11341222/steve-ballmer-new-clippers-owner,Steve Ballmer new Clippers owner (ESPN),MEDIUM,Sterling later moved team to Los Angeles (1984).
LAC-1984-relocation,LAC,Los Angeles Clippers,1984,relocation,,Donald Sterling,sole,,,https://www.spotrac.com/nba/ownership,NBA Ownership | Spotrac,HIGH,San Diego → Los Angeles.
LAC-2014-sale,LAC,Los Angeles Clippers,2014-08-12,sale,Sterling Family Trust (Shelly Sterling),Steve Ballmer,sole,2000000000,$2.0B reported purchase price,https://www.nba.com/clippers/steve-ballmer-completes-purchase-los-angeles-clippers,Steve Ballmer Completes Purchase of Los Angeles Clippers,HIGH,Forced sale aftermath of Sterling scandal; Ballmer ~99% owner as of 2026-09-19.
LAL-1947-sale,LAL,Minneapolis Lakers,1947,sale,Detroit Gems ownership,Ben Berger & Morris Chalfen,group,15000,"$15,000 widely reported for NBL Detroit Gems → Minneapolis Lakers transfer",https://en.wikipedia.org/wiki/Los_Angeles_Lakers,Los Angeles Lakers (Wikipedia; Berger/Chalfen $15k purchase 1947),HIGH,Franchise origin: Detroit Gems (NBL) purchased and moved to Minneapolis as Lakers.
LAL-1957-sale,LAL,Minneapolis Lakers,1957,sale,Prior Minneapolis ownership,Bob Short-led group (w/ local investors),group,150000,Often cited ~$150K for Short group purchase keeping team afloat,https://www.sportingnews.com/us/nba/news/buss-family-timeline-lakers-history-ownership-jerry-jeanie/21e2539a8289edc39883bd59,Buss family timeline with Lakers (Sporting News; Short era context),MEDIUM,Short later moved franchise to Los Angeles (1960).
LAL-1960-relocation,LAL,Los Angeles Lakers,1960,relocation,,Bob Short (owner),sole,,,https://www.spotrac.com/nba/ownership,NBA Ownership | Spotrac,HIGH,Minneapolis Lakers → Los Angeles.
LAL-1965-sale,LAL,Los Angeles Lakers,1965,sale,Bob Short,Jack Kent Cooke,sole,5175000,$5.175M reported; then-record NBA franchise price,https://www.sportingnews.com/us/nba/news/buss-family-timeline-lakers-history-ownership-jerry-jeanie/21e2539a8289edc39883bd59,Buss family timeline with Lakers (Sporting News; Cooke $5.175M 1965),HIGH,Cooke built The Forum; sold Lakers+Kings+Forum package to Buss 1979 (already in ledger).
LAL-1979-sale,LAL,Los Angeles Lakers,1979,sale,Jack Kent Cooke,Jerry Buss and partners,group,67500000,~$67.5M package: Lakers + Kings + Forum + real estate — team-only GAP,https://www.nba.com/news/nba-approves-sale-majority-interest-lakers-mark-walter,NBA Board of Governors approves sale of majority interest in Lakers to Mark Walter (context),HIGH,Buss family controlled until 2025 majority sale to Walter.
LAL-2025-majority,LAL,Los Angeles Lakers,2025-10-30,majority_stake,Jerry Buss Family Trusts,Mark Walter / TWG Global,majority,10000000000,$10B franchise valuation for majority stake,https://www.nba.com/news/nba-approves-sale-majority-interest-lakers-mark-walter,NBA Board of Governors approves sale of majority interest in Lakers to Mark Walter,HIGH,Jeanie Buss remained governor; Buss family retained minority. Access 2026-09-19: Walter is controlling majority owner.
LAL-2026-sale-pending,LAL,Los Angeles Lakers,2026-08-12,sale,Mark Walter / TWG Global,Josh Kushner & Bob Iger-led group,group,12500000000,Reported $12.5B valuation — PENDING NBA Board of Governors approval as of access date 2026-09-19,https://www.nytimes.com/athletic/7508992/2026/08/12/lakers-north-american-sports-franchise-sales-record/,The 11 largest North American sports franchise sales… (The Athletic),MEDIUM,GAP/PENDING: Announced ~14 months after Walter purchase; not closed/approved as of 2026-09-19. Do not treat as current control.
MEM-1995-expansion,MEM,Vancouver Grizzlies,1995,expansion,NBA,Arthur Griffiths-led group,group,125000000,Expansion fee ~$125M,https://www.spotrac.com/nba/ownership,NBA Ownership | Spotrac,HIGH,Vancouver expansion with Toronto.
MEM-2001-sale-relocation,MEM,Memphis Grizzlies,2001,sale,John McCaw Jr. interests,Michael Heisley,sole,160000000,Often cited ~$160M Heisley purchase (2000 agreement; Memphis 2001–02). Some reports finalize ~$165M.,https://www.cbsnews.com/news/grizzlies-sale-finalized/,Grizzlies' Sale Finalized (CBS News),HIGH,Vancouver → Memphis under Heisley after purchase from McCaw interests; ownership-tied relocation.
MEM-2012-sale,MEM,Memphis Grizzlies,2012,sale,Michael Heisley estate / prior ownership,Robert Pera-led group,majority,377000000,Approx. $377M,https://www.spotrac.com/nba/ownership,NBA Ownership | Spotrac,HIGH,Pera remains controlling owner as of 2026-09-19.
MIA-1988-expansion,MIA,Miami Heat,1988,expansion,NBA,Ted Arison-led group,group,32500000,Expansion fee ~$32.5M,https://www.spotrac.com/nba/ownership,NBA Ownership | Spotrac,HIGH,Heat expansion.
MIA-1995-other,MIA,Miami Heat,1995,other,Prior partners,Micky Arison / Arison family,majority,,GAP: family consolidation price not a classic franchise sale,https://www.sportsbusinessjournal.com/Articles/1995/01/30/ARISON-FAMILY-TAKES-FULL-CONTROL-OF-THE-HEAT.aspx,ARISON FAMILY TAKES FULL CONTROL OF THE HEAT (SBJ),MEDIUM,Micky Arison controlling as of 2026-09-19; long family stewardship.
MIL-1968-expansion,MIL,Milwaukee Bucks,1968,expansion,NBA,Wesley Pavalon / Marvin Fishman group,group,2000000,Expansion fee often cited ~$2M,https://behindthebuckpass.com/2016/09/03/milwaukee-bucks-history-foundation-franchise/,Milwaukee Bucks History: The Foundation Of The Franchise,MEDIUM,Bucks expansion.
MIL-1976-majority,MIL,Milwaukee Bucks,1976-11,majority_stake,Wesley Pavalon / Marvin Fishman-era interests,Jim Fitzgerald (principal owner),majority,,GAP: Fitzgerald consolidation price within existing ownership group not confirmed as open-market sale,https://archive.jsonline.com/sports/bucks/fitzgerald-led-bucks-to-success-d45lg4e-157105045.html,Fitzgerald led Bucks to success (Milwaukee Journal Sentinel archive),HIGH,"Fitzgerald group purchased ~361,000 shares (~65%) of Milwaukee Professional Sports and Services; Fitzgerald became chairman/president Nov 1976. Sold to Herb Kohl Mar 1985 (~$18M already in ledger). Official Bucks history page aligns."
MIL-1985-sale,MIL,Milwaukee Bucks,1985-03-01,sale,Jim Fitzgerald et al.,Herb Kohl,sole,18000000,Often cited ~$18M,https://www.nba.com/news/herb-kohl-us-senator-bucks-owner-has-died-age-88,"Herb Kohl, former US senator and owner of the Bucks, has died (NBA.com)",HIGH,"Kohl purchased from Fitzgerald Mar 1 1985 for ~$18M, keeping team in Milwaukee; owned until 2014 Edens/Lasry sale."
MIL-2014-sale,MIL,Milwaukee Bucks,2014,sale,Herb Kohl,Wesley Edens & Marc Lasry,group,550000000,$550M reported,https://www.spotrac.com/nba/ownership,NBA Ownership | Spotrac,HIGH,Edens/Lasry co-owners; arena campaign followed.
MIL-2023-minority,MIL,Milwaukee Bucks,2023-02,minority_stake,Marc Lasry,Jimmy and Dee Haslam,group,875000000,Haslams bought Lasry's ~25% at ~$3.5B franchise valuation (~$875M for stake); Edens remained co-controlling,https://www.espn.com/nba/story/_/id/35754891/sources-marc-lasry-agrees-sell-stake-milwaukee-bucks-jimmy-dee-haslam,Sources: Lasry agrees to sell his stake in Bucks to Haslams (ESPN),HIGH,Edens + Haslam family co-control structure as of 2026-09-19.
MIN-1989-expansion,MIN,Minnesota Timberwolves,1989,expansion,NBA,Marv Wolfenson & Harvey Ratner,group,32500000,Expansion fee ~$32.5M,https://www.spotrac.com/nba/ownership,NBA Ownership | Spotrac,HIGH,Timberwolves expansion.
MIN-1994-sale,MIN,Minnesota Timberwolves,1994,sale,Wolfenson/Ratner group,Glen Taylor,sole,88000000,Approx. $88M; kept team in Minnesota,https://www.spotrac.com/nba/ownership,NBA Ownership | Spotrac,HIGH,Taylor long-term owner until staged sale.
MIN-2025-sale,MIN,Minnesota Timberwolves,2025,sale,Glen Taylor,Marc Lore & Alex Rodriguez,group,1500000000,$1.5B for Timberwolves + WNBA Lynx (staged/contested path completed 2025),https://www.nba.com/timberwolves/news/nba-approves-sale-of-minnesota-timberwolves-and-lynx-to-marc-lore-and-alex-rodriguez,NBA Approves Sale of Minnesota Timberwolves and Lynx to Marc Lore and Alex Rodriguez,HIGH,Lore/Rodriguez became co-owners after staged/contested path with Glen Taylor completed 2025. Lore was controlling owner entering Aug 2026 Stad agreement (separate event).
MIN-2026-majority-pending,MIN,Minnesota Timberwolves,2026-08-21,majority_stake,Marc Lore,Marc Stad (Dragoneer); A-Rod increases minority; Lore retains minority,majority,4500000000,$4.5B valuation for T-Wolves+Lynx — PENDING NBA Board of Governors approval as of 2026-09-19 (Sep meetings did not vote),https://www.espn.com/nba/story/_/id/49681800/sources-stad-reaches-deal-controlling-stake-t-wolves-lynx,"Stad takes controlling stake in NBA's Timberwolves, WNBA's Lynx (ESPN)",MEDIUM,PENDING: Do not treat Stad as closed controlling owner on access date. Elisa Stad expected governor upon approval.
NOP-2002-relocation,NOP,New Orleans Hornets,2002,relocation,,George Shinn,sole,,,https://www.spotrac.com/nba/ownership,NBA Ownership | Spotrac,HIGH,Charlotte franchise relocated to New Orleans.
NOP-2010-other,NOP,New Orleans Hornets,2010-12-20,other,George Shinn,NBA (league stewardship),public,,GAP: league takeover terms — not a market sale,https://pr.nba.com/nba-to-purchase-new-orleans-hornets/,NBA to purchase New Orleans Hornets (NBA Communications),HIGH,NBA BOG approved league purchase of Hornets from George Shinn (first league-owned franchise). Temporary stewardship before Benson 2012 sale. Not a market PE sale.
NOP-2012-sale,NOP,New Orleans Hornets,2012,sale,NBA,Tom Benson,sole,338000000,$338M reported,https://www.spotrac.com/nba/ownership,NBA Ownership | Spotrac,HIGH,Benson purchase from league.
NOP-2013-rebrand,NOP,New Orleans Pelicans,2013,rebrand,,Tom Benson,sole,,,https://www.spotrac.com/nba/ownership,NBA Ownership | Spotrac,HIGH,Hornets → Pelicans; 2014 history split with Charlotte.
NOP-2018-other,NOP,New Orleans Pelicans,2018,other,Tom Benson estate,Gayle Benson,sole,,Succession after Tom Benson death — not a market sale,https://en.wikipedia.org/wiki/List_of_NBA_team_owners,List of NBA team owners (verify vs official),HIGH,Gayle Benson controlling as of 2026-09-19.
NYK-1946-expansion,NYK,New York Knicks,1946,expansion,BAA,Ned Irish / Madison Square Garden Corporation,public,10000,"Each BAA charter franchise paid $10,000 league franchise fee for operating expenses (American Heritage 1997 retrospective on 1946 BAA founding). Not a secondary-market sale.",https://www.americanheritage.com/first-serious-basketball-league,"The First Serious Basketball League (American Heritage, May/Jun 1997)",MEDIUM,Original BAA charter franchise under MSG; continuous corporate-parent ownership path.
NYK-1977-other,NYK,New York Knicks,1977-08-19,other,Prior MSG Corp. control,Gulf + Western (Paramount path),public,,GAP: corporate acquisition of MSG — Knicks not separately priced,https://www.nytimes.com/1977/08/20/archives/madison-square-garden-corp-taken-over-by-gulf-western-garden-corp.html,Madison Square Garden Corp: Taken Over by Gulf‐Western (NYT archives),HIGH,Corporate parent change: Gulf+Western completed MSG Corp. takeover Aug 1977; Knicks remained MSG asset through Paramount/Viacom path. Knicks not separately priced.
NYK-1994-sale,NYK,New York Knicks,1994-08-29,sale,Viacom (Paramount/MSG properties),Cablevision & ITT Corporation,group,1100000000,~$1.1B reported for MSG package (Knicks+Rangers+arena+network) — team-only GAP,https://www.nytimes.com/1994/08/29/business/the-garden-sale-the-deal-madison-sq-garden-deal-is-a-victory-for-viacom.html,THE GARDEN SALE: Madison Sq. Garden Deal Is a Victory for Viacom (NYT),HIGH,Cablevision + ITT agreed ~$1.075B cash for MSG package (Knicks+Rangers+arena+network). Preceded Cablevision buyout of ITT half (1997) as NYK-1997-sale. Team-only allocation GAP.
NYK-1997-sale,NYK,New York Knicks,1997-03-06,sale,ITT / prior MSG partners,Cablevision (Dolan) completing MSG control,public,650000000,LAT/NYT/Variety 1997: Cablevision paid ITT $500M for 38.5% (to 88.5%) plus options totaling ≥$150M for remainder → ~$650M headline path; MSG package not Knicks-only. Prior Spotrac $300M figure superseded by contemporaneous package reporting.,https://www.nytimes.com/1997/03/07/business/itt-sells-cablevision-control-over-madison-square-garden.html,ITT Sells Cablevision Control Over Madison Square Garden (NYT),HIGH,Cablevision/Dolan completed MSG control path after 1994 Cablevision+ITT purchase. Knicks remained inside MSG; team-only allocation GAP.
OKC-1967-expansion,OKC,Seattle SuperSonics,1967,expansion,NBA,Sam Schulman-led group,group,1750000,Schulman later said total franchise purchase/expansion cost was $1.75M (NYT 1983 cite),https://www.nytimes.com/1983/10/15/sports/supersonics-sold.html,SuperSonics Sold (NYT; Schulman cites $1.75M original cost),MEDIUM,Sonics expansion; franchise continuity to OKC Thunder.
OKC-1983-sale,OKC,Seattle SuperSonics,1983-10-14,sale,Sam Schulman,Barry Ackerley,sole,21000000,NYT reported $21M; Ackerley later described $11M cash + $11M deferred (effective cash often cited $11M),https://www.nytimes.com/1983/10/15/sports/supersonics-sold.html,SuperSonics Sold (NYT),HIGH,Schulman was founding/expansion owner (1967). Ackerley held until Schultz group 2001.
OKC-2001-sale,OKC,Seattle SuperSonics,2001-01-11,sale,The Ackerley Group,Basketball Club of Seattle (Howard Schultz-led),group,200000000,$200M for Sonics + WNBA Storm (SEC/company announcement),https://www.sec.gov/Archives/edgar/data/319120/000089102001000076/v68652ex99-1.txt,The Ackerley Group Announces Sale of Seattle SuperSonics (SEC exhibit),HIGH,Schultz group owned until Bennett/PBC $350M purchase 2006 (already in ledger).
OKC-2006-sale,OKC,Seattle SuperSonics,2006,sale,Howard Schultz / Basketball Club of Seattle,Professional Basketball Club LLC (Clay Bennett),group,350000000,$350M reported,https://www.spotrac.com/nba/ownership,NBA Ownership | Spotrac,HIGH,Preceded relocation to Oklahoma City.
OKC-2008-relocation,OKC,Oklahoma City Thunder,2008,relocation,,Clay Bennett / PBC LLC,group,,,https://www.spotrac.com/nba/ownership,NBA Ownership | Spotrac,HIGH,Seattle → Oklahoma City; rebranded Thunder. Bennett group still controls as of 2026-09-19.
ORL-1989-expansion,ORL,Orlando Magic,1989,expansion,NBA,William duPont III-led group,group,32500000,Expansion fee ~$32.5M,https://www.spotrac.com/nba/ownership,NBA Ownership | Spotrac,HIGH,Magic expansion.
ORL-1991-sale,ORL,Orlando Magic,1991,sale,William duPont III-led group,DeVos family,group,85000000,Approx. $85M,https://www.spotrac.com/nba/ownership,NBA Ownership | Spotrac,HIGH,DeVos family continuous; Dan DeVos chairman as of 2026-09-19.
PHI-1946-other,PHI,Syracuse Nationals,1946,other,NBL,Danny Biasone / local Syracuse ownership,group,,GAP: NBL founding economics,https://en.wikipedia.org/wiki/Philadelphia_76ers,Philadelphia 76ers (Syracuse Nationals origin),HIGH,Franchise origin as Syracuse Nationals (NBL); relocated to Philadelphia as 76ers 1963 (existing row).
PHI-1963-relocation,PHI,Philadelphia 76ers,1963,relocation,,Irv Kosloff & Ike Richman,group,,GAP: Syracuse→Philly purchase price,https://www.spotrac.com/nba/ownership,NBA Ownership | Spotrac,HIGH,Syracuse Nationals → Philadelphia 76ers.
PHI-1976-sale,PHI,Philadelphia 76ers,1976-05-28,sale,Irv Kosloff,Fitz Eugene Dixon Jr.,sole,8000000,~$8M for ~95% (Inquirer ownership timeline / Dixon era features); Kosloff retained small minority briefly,https://www.inquirer.com/philly/sports/sixers/20110608_76ers__ownership_timeline.html,76ers' ownership timeline (Philadelphia Inquirer),HIGH,Dixon owned through July 1981 Katz sale (~$12M). Championship 1983 under Katz.
PHI-1981-sale,PHI,Philadelphia 76ers,1981-07,sale,Fitz Eugene Dixon Jr.,Harold Katz,sole,12000000,Often cited ~$12M,https://www.inquirer.com/philly/sports/sixers/20110608_76ers__ownership_timeline.html,76ers' ownership timeline (Philadelphia Inquirer),HIGH,Katz owned through 1996 Comcast sale; championship 1983.
PHI-1996-sale,PHI,Philadelphia 76ers,1996-04-24,sale,Harold Katz,Comcast (later Comcast-Spectacor w/ Ed Snider),public,125000000,~$125M cash + assumed liabilities (~$11M) reported in SEC-era disclosures; package with Spectacor partnership,https://www.latimes.com/archives/la-xpm-1996-03-20-sp-49163-story.html,"76ers, Flyers Are Sold in Megadeal (LA Times archives)",HIGH,Comcast-Spectacor era until Harris/Blitzer 2011 (~$280M already in ledger).
PHI-2011-sale,PHI,Philadelphia 76ers,2011,sale,Comcast-Spectacor,Josh Harris & David Blitzer (HBSE),group,280000000,Approx. $280M,https://www.spotrac.com/nba/ownership,NBA Ownership | Spotrac,HIGH,Harris Blitzer Sports & Entertainment controlling as of 2026-09-19.
PHX-1968-expansion,PHX,Phoenix Suns,1968,expansion,NBA,Richard Bloch et al. Arizona investor group,group,2000000,Expansion fee ~$2M (LAT 1988; same class as Milwaukee Bucks),https://www.latimes.com/archives/la-xpm-1988-11-08-ss-374-story.html,NBA: Price of a Starting NBA Franchise Is Up to $32.5 Million (LA Times),HIGH,Phoenix Suns expansion 1968–69 with Milwaukee Bucks.
PHX-1987-sale,PHX,Phoenix Suns,1987-10-14,sale,Prior Arizona ownership group / Richard Bloch-era interests,Jerry Colangelo-led local investor group,majority,44500000,Then-record ~$44.5M reported,https://www.foxsports.com/stories/nba/this-week-in-phoenix-suns-history-jerry-colangelo-purchases-team,This Week in Phoenix Suns History: Jerry Colangelo Purchases Team (FOX Sports),HIGH,Colangelo controlling until Sarver-led purchase ~2004 (already in ledger).
PHX-2004-sale,PHX,Phoenix Suns,2004,sale,Jerry Colangelo interests / prior group,Robert Sarver-led group,majority,401000000,Often cited ~$401M; verify vs contemporaneous Forbes/press,https://www.espn.com/nba/story/_/id/35605519/nba-board-governors-approves-sale-suns-mercury-mat-ishbia,"NBA board of governors approves sale of Suns, Mercury to Mat Ishbia (ESPN; Sarver era context)",MEDIUM,Sarver controlled until forced sale process 2022–23.
PHX-2021-minority,PHX,Phoenix Suns,2021-07,minority_stake,Existing Suns limited partners,Dyal HomeCourt Partners (Blue Owl),group,,GAP: cash undisclosed; stake <5% at $1.55B franchise valuation (Sportico). Equity from LPs not Sarver.,https://www.sportico.com/business/sales/2021/finals-bound-suns-valued-at-1-55-billion-in-private-equity-deal-1234633580/,Finals-Bound Suns Valued at $1.55 Billion in Private Equity Deal (Sportico),HIGH,First NBA investment for HomeCourt/Dyal. Later sold down around Ishbia 2023 control purchase.
PHX-2023-sale,PHX,Phoenix Suns,2023-02-07,sale,Robert Sarver-led group,Mat & Justin Ishbia-led group,majority,4000000000,$4B for Suns + WNBA Mercury + arena operating interests,https://www.nba.com/suns/news/mat-ishbia-assumes-controlling-ownership-interest-of-phoenix-suns-and-phoenix-mercury,MAT ISHBIA ASSUMES CONTROLLING OWNERSHIP INTEREST OF PHOENIX SUNS AND PHOENIX MERCURY,HIGH,Mat Ishbia governor; Justin second-largest shareholder.
POR-1970-expansion,POR,Portland Trail Blazers,1970,expansion,NBA,Harry Glickman-led group,group,3700000,Expansion fee ~$3.7M (LAT 1988 retrospective on 1970 class),https://www.latimes.com/archives/la-xpm-1988-11-08-ss-374-story.html,NBA: Price of a Starting NBA Franchise Is Up to $32.5 Million (LA Times),HIGH,Portland Trail Blazers expansion 1970–71 (Harry Glickman-led).
POR-1972-majority,POR,Portland Trail Blazers,1972,majority_stake,Robert Schmertz,Herman Sarkowsky (managing partner consolidation),majority,,GAP: Schmertz buyout cash within expansion trio not publicly priced as a headline sale.,https://www.oregonlive.com/blazers/2014/11/herm_sarkowsky_original_co-owner_of_trail_blazers.html,"Herman Sarkowsky, original co-owner of Trail Blazers... (OregonLive)",HIGH,Expansion trio was Sarkowsky / Weinberg / Schmertz (1970). Sarkowsky stake rose when he bought out Schmertz (~1972; Schmertz had purchased Celtics). Sarkowsky later sold remainder to Weinberg (~1975–76) for Seahawks path. Soft-dedupe: replaces misdated Weinberg-as-1972 claim.
POR-1976-majority,POR,Portland Trail Blazers,1976,majority_stake,Herman Sarkowsky (remaining stake) / expansion co-owners,Larry Weinberg (controlling),majority,,GAP: Weinberg consolidation cash within expansion group not confirmed as open-market headline. UPI 1983: Weinberg obtained majority of stock in 1976.,https://www.upi.com/Archives/1983/12/28/The-principal-owner-of-the-Portland-Trail-Blazers-said/7211441435600/,The principal owner of the Portland Trail Blazers said... (UPI Archives 1983; majority 1976),HIGH,Corrected from prior Wikipedia-led 1972 dating. Oregon Encyclopedia: Weinberg bought out Sarkowsky for controlling interest mid-1970s; UPI: majority stock 1976. Principal through 1977 title era; sold to Allen 1988 (~$70M).
POR-1988-sale,POR,Portland Trail Blazers,1988-06-01,sale,Larry Weinberg et al.,Paul Allen,sole,70000000,Approx. $70M,https://www.latimes.com/archives/la-xpm-1988-06-01-sp-3637-story.html,Trail Blazers Are Sold to Seattle Businessman (LA Times),HIGH,Allen bought from Weinberg for ~$70M (NYT Sports People same day). Owned until death 2018; Paul G. Allen Trust thereafter until Dundon 2026.
POR-2026-sale,POR,Portland Trail Blazers,2026-03-30,sale,Paul G. Allen Trust,Tom Dundon-led Rip City Rising group,group,4250000000,~$4.25B valuation for Blazers + Rip City Remix + arena operating interests; staged 80.1%/19.9% structure reported,https://pr.nba.com/trail-blazers-sale-tom-dundon/,NBA Board of Governors approves sale of Trail Blazers to investor group led by Tom Dundon,HIGH,Approved 2026-03-30; Dundon governor. Access 2026-09-19: current controlling ownership.
SAC-1945-other,SAC,Rochester Royals,1945,other,NBL,Les & Jack Harrison,group,,NBL entry / renaming — not secondary-market sale,https://www.nba.com/kings/history-franchise-timeline,History: Franchise Timeline | Sacramento Kings (official),HIGH,Rochester Royals NBL origin under Harrison brothers; later BAA/NBA; 1951 NBA champions.
SAC-1957-relocation,SAC,Cincinnati Royals,1957,relocation,,Les & Jack Harrison (then subsequent Cincinnati owners),group,,,https://www.nba.com/kings/history-franchise-timeline,History: Franchise Timeline | Sacramento Kings (Rochester→Cincinnati),HIGH,Rochester Royals → Cincinnati Royals.
SAC-1972-relocation,SAC,Kansas City-Omaha Kings,1972,relocation,,Max & Jeremy Jacobs / Kansas City ownership interests,group,,,https://www.nba.com/kings/history-franchise-timeline,History: Franchise Timeline | Sacramento Kings (Cincinnati→Kansas City 1972),HIGH,Cincinnati Royals → Kansas City–Omaha Kings (later Kansas City Kings).
SAC-1983-sale,SAC,Kansas City Kings,1983,sale,Prior Kansas City ownership,Joseph Benvenuti / Gregg Lukenbill-led California group,group,10500000,Official Kings timeline: purchased for approximately $10.5M; later relocated to Sacramento (1985),https://www.nba.com/kings/history-franchise-timeline,History: Franchise Timeline | Sacramento Kings (~$10.5M Lukenbill group purchase),HIGH,Pairs with existing SAC-1985-relocation; ownership change set up Sacramento move.
SAC-1985-relocation,SAC,Sacramento Kings,1985,relocation,,Lukenbill / Benvenuti group,group,,,https://www.spotrac.com/nba/ownership,NBA Ownership | Spotrac,HIGH,Kansas City Kings → Sacramento.
SAC-1998-minority,SAC,Sacramento Kings,1998-01-15,minority_stake,Jim Thomas-led ownership (partial),Maloof Sports and Entertainment / Maloof family,group,37500000,"~$37.5M for ~25% of Kings, Monarchs, and ARCO Arena (LAT Jan 15 1998; SBJ)",https://www.latimes.com/archives/la-xpm-1998-jan-15-sp-8651-story.html,"Former Rocket Owners Buy Into the Kings (LA Times, Jan 15 1998)",HIGH,Option path to Thomas controlling interest; Maloofs took control effective July 1 1999 (SAC-1999-majority).
SAC-1999-majority,SAC,Sacramento Kings,1999-07-01,majority_stake,Jim Thomas / prior Sacramento ownership interests,Maloof family (controlling interest),majority,260000000,Tribune (2000) reported Maloofs spent more than $260M for control of Kings + Monarchs + Knights + ARCO Arena — multi-asset package,https://www.chicagotribune.com/2000/04/22/owners-helping-turn-kings-into-nba-royalty/,"OWNERS HELPING TURN KINGS INTO NBA ROYALTY (Chicago Tribune, Apr 22 2000)",MEDIUM,NBA BOG approved May 1999; effective July 1 1999. Follows 1998 25% buy-in $37.5M (SAC-1998-minority). Controlled until Ranadivé 2013.
SAC-2013-sale,SAC,Sacramento Kings,2013,sale,Maloof family interests,Vivek Ranadivé-led group (w/ Jacobs family et al.),group,534000000,Approx. $534M valuation; kept franchise in Sacramento vs Seattle relocation bid,https://www.spotrac.com/nba/ownership,NBA Ownership | Spotrac,HIGH,Ranadivé controlling as of 2026-09-19.
SAC-2021-minority,SAC,Sacramento Kings,2021-09,minority_stake,Existing Kings limited partners (roll-up),Arctos Sports Partners,group,306000000,~17% at $1.8B valuation → ~$306M implied equity (Sportico Sep 2021); largest PE stake reported at time,https://www.sportico.com/business/sales/2021/arctos-partners-kings-sale-1234638986/,Arctos Buying 17% of Sacramento Kings at $1.8 Billion Valuation (Sportico),HIGH,Ranadivé retained control; Arctos received board seats. Dyal/HomeCourt also held smaller Kings stake earlier same year.
SAS-1967-other,SAS,Dallas Chaparrals,1967,other,ABA,Dallas ABA investor group,group,,ABA founding — not secondary-market sale,https://en.wikipedia.org/wiki/San_Antonio_Spurs,San Antonio Spurs (Dallas Chaparrals ABA origin 1967),HIGH,ABA origin as Dallas/Texas Chaparrals before 1973 San Antonio relocation (existing row).
SAS-1973-relocation,SAS,San Antonio Spurs,1973,relocation,Dallas Chaparrals owners,San Antonio investor group,group,,GAP: ABA lease/purchase terms not confirmed here,https://www.spotrac.com/nba/ownership,NBA Ownership | Spotrac,HIGH,Dallas/Texas Chaparrals → San Antonio Spurs (ABA).
SAS-1976-other,SAS,San Antonio Spurs,1976-06-17,other,ABA,Existing ownership (NBA entry),group,3200000,ABA–NBA merger entry ~$3.2M,https://www.spotrac.com/nba/ownership,NBA Ownership | Spotrac,HIGH,Spurs entered NBA.
SAS-1988-sale,SAS,San Antonio Spurs,1988-05,sale,Prior Spurs investor group / Angelo Drossos-era interests,"B.J. ""Red"" McCombs",sole,47000000,~$47M reported contemporaneous (UPI/Deseret),https://www.deseret.com/1988/5/28/18767196/nba-s-spurs-sold-for-47-million-new-owner-says-team-will-stay-in-san-antonio-if-fans-fill-the-seats/,NBA's Spurs sold for $47 million (Deseret News),HIGH,McCombs owned until Holt-led local group purchase 1993 (~$75M already in ledger).
SAS-1993-sale,SAS,San Antonio Spurs,1993,sale,Red McCombs,Peter Holt-led local group,group,75000000,Approx. $75M,https://www.spotrac.com/nba/ownership,NBA Ownership | Spotrac,HIGH,Holt family continuous; Peter J. Holt managing partner as of 2026-09-19.
SAS-2021-minority,SAS,San Antonio Spurs,2021-06,minority_stake,Existing Spurs ownership interests / local LPs,Sixth Street and Michael Dell (strategic partners),group,540000000,"Press reported combined ~$540M for ~30% (Sixth Street ~20%, Dell ~10%) at ~$1.8B valuation — package of two buyers; confirm vs Spurs release if filings differ",https://www.nba.com/spurs/san-antonio-spurs-name-peter-j-holt-managing-partner-and-introduce-sixth-street-and-michael-dell,Spurs Name Peter J. Holt Managing Partner; Introduce Sixth Street and Michael Dell (Spurs.com),MEDIUM,Holt family retained control (Peter J. Holt managing partner). Sixth Street PE + Dell as strategic minority partners.
TOR-1995-expansion,TOR,Toronto Raptors,1995,expansion,NBA,John Bitove / Allan Slaight group,group,125000000,Expansion fee ~$125M,https://www.spotrac.com/nba/ownership,NBA Ownership | Spotrac,HIGH,Raptors expansion.
TOR-1998-sale,TOR,Toronto Raptors,1998-02,sale,Allan Slaight / Bank of Nova Scotia interests (Bitove-era succession),Maple Leaf Gardens Ltd. (path to MLSE),group,,GAP: CAD package for Raptors + Air Canada Centre project. SBJ contemporaneous reports put deal around C$350–500M range; USD team-only unclear — leave USD blank.,https://www.sportsbusinessjournal.com/Daily/Issues/1998/02/13/Franchises/LEAFS-ACQUIRE-RAPTORSARENA-REPORTS-PUT-DEAL-AT-C$350-500M/,LEAFS ACQUIRE RAPTORS/ARENA; REPORTS PUT DEAL AT C$350-500M (Sports Business Journal),HIGH,Maple Leaf Gardens Ltd. acquired Raptors + arena project Feb 1998; MLSE formed later that year. CBC also covered close.
TOR-2012-other,TOR,Toronto Raptors,2012,other,,MLSE ownership reshuffle (Bell/Rogers/Tanenbaum era),group,400000000,"Sometimes listed as ~$400M 'sale' in last-sale roundups — may reflect MLSE stake mark, not a clean franchise sale; treat cautiously",https://www.yardbarker.com/nba/articles/last_sale_of_every_nba_team_from_the_pacers_11_million_to_the_lakers_125_billion/s1_16751_44178222,Last Sale Of Every NBA Team (Yardbarker roundup — verify),LOW,Prefer MLSE corporate filings over roundup 'last sale' figure.
TOR-2024-majority,TOR,Toronto Raptors,2025-07-01,majority_stake,Bell Canada (MLSE stake),Rogers Communications (majority of MLSE),public,,C$4.7B for Bell's ~37.5% MLSE stake (Rogers to 75%); package includes Leafs/Raptors/TFC/arenas — NBA-team-only GAP. Deal announced 2024-09; closed ~2025-07.,https://about.rogers.com/news-ideas/rogers-to-become-majority-owner-of-maple-leaf-sports-entertainment/,Rogers to Become Majority Owner of Maple Leaf Sports & Entertainment,HIGH,Rogers majority of MLSE; Larry Tanenbaum remains Raptors governor. Closed effective ~2025-07-01 per Rogers/BNN reports.
UTA-1974-expansion,UTA,New Orleans Jazz,1974,expansion,NBA,Sam Battistone-led group,group,6000000,New Orleans Jazz expansion fee ~$6M (LAT 1988); some later roundups cite ~$6.15M,https://www.latimes.com/archives/la-xpm-1988-11-08-ss-374-story.html,NBA: Price of a Starting NBA Franchise Is Up to $32.5 Million (LA Times),HIGH,New Orleans Jazz expansion 1974–75; relocated to Utah 1979.
UTA-1979-relocation,UTA,Utah Jazz,1979,relocation,,Sam Battistone (owner),sole,,,https://www.spotrac.com/nba/ownership,NBA Ownership | Spotrac,HIGH,New Orleans → Utah.
UTA-1985-sale,UTA,Utah Jazz,1985-04,majority_stake,Sam Battistone (50%),Larry H. Miller (50% then full),majority,8000000,WSJ: Miller bought half for $8M in 1985 and other half for $14M in 1986 — use staged notes,https://www.wsj.com/articles/utah-jazz-sold-to-qualtrics-founder-ryan-smith-for-1-66-billion-11603906806,Utah Jazz Sold to Qualtrics Founder Ryan Smith for $1.66 Billion (WSJ),HIGH,Miller bought 50% Apr 1985 (~$8M); completed remaining 50% Jun 1986 (UTA-1986-majority). Family stewardship until 2020.
UTA-1986-majority,UTA,Utah Jazz,1986-06-24,majority_stake,Sam Battistone (remaining 50%),Larry H. Miller,sole,14000000,Often cited ~$14M for remaining 50% (Deseret/WSJ-style accounts); some package figures with debt ~$17.3M — ledger uses headline cash ~$14M,https://www.nba.com/jazz/history/this-day/06-24.html,"This Day in Jazz History - June 24, 1986 | Utah Jazz",MEDIUM,Completes sole ownership after Apr 1985 50% buy-in at ~$8M (UTA-1985-sale). Miller family until Smith 2020.
UTA-2020-majority,UTA,Utah Jazz,2020-12-18,majority_stake,Gail Miller / Larry H. Miller family,Ryan & Ashley Smith (Smith Entertainment Group),majority,1660000000,~$1.66B for Jazz + Vivint Arena + G League Stars (+ Bees management); Miller family retained minority,https://www.nba.com/jazz/news/gail-miller-and-family-announce-agreement-sell-majority-interest-utah-jazz-qualtrics-founder-0,Gail Miller and Family Announce Agreement to Sell a Majority Interest in the Utah Jazz to Qualtrics Founder Ryan Smith,HIGH,NBA BOG approved Dec 2020; Ryan Smith governor. Access 2026-09-19: Smith/SEG controlling.
UTA-2022-minority,UTA,Utah Jazz,2022-08,minority_stake,Miller family remaining minority interests,Arctos Sports Partners (and another investor),group,,GAP: Arctos cash undisclosed; Forbes reported ~10% combined sale valuing Jazz near $2.25B,https://www.sportico.com/business/sales/2022/arctos-buys-utah-jazz-stake-1234686259/,"Arctos Buys Utah Jazz Stake, Adding to Portfolio (Sportico)",HIGH,Ryan Smith retained control after 2020 majority purchase. Stake size for Arctos alone not separately confirmed.
WAS-1961-expansion,WAS,Chicago Packers,1961,expansion,NBA,Dave Trager-led group,group,250000,Official entry fee often cited $250K; accounts also note ~$250K additional startup (total ~$500K) — ledger stores entry fee only,https://www.nba.com/bulls/history/birth-bulls,The Birth of the Bulls | Chicago Bulls (Packers/Trager fee context),MEDIUM,Chicago Packers (later Zephyrs → Baltimore Bullets → Wizards); first modern NBA expansion under Dave Trager.
WAS-1963-relocation,WAS,Baltimore Bullets,1963,relocation,,Dave Trager (owner of record),sole,,,https://www.nba.com/wizards/franchise-history,Franchise History | Washington Wizards (Chicago→Baltimore 1963),HIGH,Chicago Packers/Zephyrs → Baltimore Bullets.
WAS-1964-sale,WAS,Baltimore Bullets,1964-11-23,sale,Dave Trager,"Abe Pollin, Arnold Heft & Earl Foreman",group,1100000,~$1.1M reported,https://www.nba.com/wizards/franchise-history,Franchise History | Washington Wizards (Pollin group purchase Nov 23 1964),HIGH,Pollin later sole owner (1968); moved team to Landover/Washington area 1973.
WAS-1973-relocation,WAS,Capital / Washington Bullets,1973,relocation,,Abe Pollin,sole,,,https://www.nba.com/wizards/franchise-history,Franchise History | Washington Wizards (Baltimore→Capital/Washington),HIGH,Baltimore → Capital Bullets (1973) → Washington Bullets (1974).
WAS-1997-rebrand,WAS,Washington Wizards,1997,rebrand,,Abe Pollin (owner of record),sole,,,https://en.wikipedia.org/wiki/Washington_Wizards,Washington Wizards (Bullets→Wizards rebrand 1997),HIGH,Bullets → Wizards; Pollin ownership continuous until Leonsis/Monumental 2010.
WAS-2010-sale,WAS,Washington Wizards,2010-06,sale,Pollin family interests,Ted Leonsis / Monumental Sports & Entertainment,majority,551000000,Approx. $551M for Wizards + arena + related interests package,https://www.spotrac.com/nba/ownership,NBA Ownership | Spotrac,HIGH,Leonsis controlling as of 2026-09-19.
