motif_id,essay_slug,title,motif_tags,one_line_hook,source_paths,years_or_seasons_cited,confidence,access_date
anthropometry_secular_rise,anthropometry-of-the-paint,Anthropometry of the Paint,"climate-series;listed-height;secular-trend;paint-microclimate","League mean listed height rises from 6'2.13'' (1946-47) to peak 6'7.20'' (2003-04) then cools to 6'6.33'' (2020-21).",/workspace/hoops-phase0-tables/height-series/nba_height_league_by_season.csv;/workspace/hoops-phase0-tables/height-series/nba_height_series.csv;/workspace/hoops-phase0-tables/height-series/METHODOLOGY.md,1946-47|2003-04|2013-14|2020-21|decade-means-1940s-2020s,HIGH,2026-09-20
anthropometry_position_weather,anthropometry-of-the-paint,Anthropometry of the Paint,"position-splits;centers;guards;composition-change","Position series show C peaking 6'11'' (1981-82) while PG late-peaks 6'2.5'' (2018-19)—league cooling is remix as much as shrinkage.",/workspace/hoops-phase0-tables/height-series/nba_height_series.csv,1946-47|1981-82|2002-03|2004-05|2008-09|2018-19|2020-21,HIGH,2026-09-20
anthropometry_mass_stature,anthropometry-of-the-paint,Anthropometry of the Paint,"weight-series;rookies;non-lockstep","Rookies rise 6'2.1''→6'5.8''; weight peaks 223 lb (2010-11) vs height peak earlier—mass and stature diverge.",/workspace/hoops-phase0-tables/height-series/nba_height_series.csv,1946-47|2010-11|2020-21,HIGH,2026-09-20
stratigraphy_three_point_ash,stratigraphy-of-the-average-game,Stratigraphy of the Average Game,"decade-laminae;fg3a;marker-bed","FG3A per team/game thickens from 2.8 (1970s) to 35.0 (2020s)—the three-point ash bed.",/workspace/hoops-swatches-work/data/derived/avg_game_by_decade.csv;/workspace/hoops-swatches-work/data/derived/avg_game_by_decade_methodology.md,1970s|1980s|1990s|2000s|2010s|2020s,HIGH,2026-09-20
stratigraphy_ft_unconformity,stratigraphy-of-the-average-game,Stratigraphy of the Average Game,"fta-decline;fouling-weather;oreb-erosion","FTA 29.0→21.9, PF 24.3→19.2, OREB 15.8→10.9 across the core—free-throw unconformity + rebound reallocation.",/workspace/hoops-swatches-work/data/derived/avg_game_by_decade.csv,1970s|2020s,HIGH,2026-09-20
stratigraphy_same_pts_different_rock,stratigraphy-of-the-average-game,Stratigraphy of the Average Game,"108.8-rhyme;assists;index-fossils","1970s and 2020s both average 108.8 PPG with different mineralogy; landmarks 1996-97 vs 2023-24 as index fossils.",/workspace/hoops-swatches-work/data/derived/avg_game_by_decade.csv;/workspace/hoops-avg-game-by-decade/sample_seasons.csv,1970s|2020s|1959-60|1985-86|1996-97|2018-19|2023-24,HIGH,2026-09-20
thermostat_setpoint_rise,salary-cap-thermostat,The Thermostat That Is the Salary Cap,"salary-cap;setpoint;1.75x;official-pr","Cap climbs 94.143M (2016-17) → 164.961M (2026-27); Tax tracks above as second stage.",/workspace/hoops-thicken-book-data-2026-09-20/data/derived/salary_cap_apron/nba_salary_cap_apron_history.csv;/workspace/hoops-thicken-book-data-2026-09-20/data/derived/salary_cap_apron/methodology.md,2016-17|2026-27,HIGH,2026-09-20
thermostat_covid_hold,salary-cap-thermostat,The Thermostat That Is the Salary Cap,"covid-flat;held-setpoint;blank-cells","2019-20 and 2020-21 Cap+Tax held flat at 109.140M / 132.627M—emergency hold on the dial.",/workspace/hoops-thicken-book-data-2026-09-20/data/derived/salary_cap_apron/nba_salary_cap_apron_history.csv,2019-20|2020-21,HIGH,2026-09-20
thermostat_apron_lockouts,salary-cap-thermostat,The Thermostat That Is the Salary Cap,"first-apron;second-apron;2023-cba;mle-vents","Named First/Second Aprons print from 2023-24; MLE bands act as intentional vents in the ductwork.",/workspace/hoops-thicken-book-data-2026-09-20/data/derived/salary_cap_apron/nba_salary_cap_apron_history.csv,2023-24|2024-25|2025-26|2026-27|2016-17,HIGH,2026-09-20
